"volatile.acidity","citric.acid","alcohol","pH","sulphates","quality","nivell.qualitat"
0.7,0,9.4,3.51,0.56,5,"Normal"
0.88,0,9.8,3.2,0.68,5,"Normal"
0.76,0.04,9.8,3.26,0.65,5,"Normal"
0.28,0.56,9.8,3.16,0.58,6,"Normal"
0.7,0,9.4,3.51,0.56,5,"Normal"
0.66,0,9.4,3.51,0.56,5,"Normal"
0.6,0.06,9.4,3.3,0.46,5,"Normal"
0.65,0,10,3.39,0.47,7,"Bo"
0.58,0.02,9.5,3.36,0.57,7,"Bo"
0.5,0.36,10.5,3.35,0.8,5,"Normal"
0.58,0.08,9.2,3.28,0.54,5,"Normal"
0.5,0.36,10.5,3.35,0.8,5,"Normal"
0.615,0,9.9,3.58,0.52,5,"Normal"
0.61,0.29,9.1,3.26,1.56,5,"Normal"
0.62,0.18,9.2,3.16,0.88,5,"Normal"
0.62,0.19,9.2,3.17,0.93,5,"Normal"
0.28,0.56,10.5,3.3,0.75,7,"Bo"
0.56,0.28,9.3,3.11,1.28,5,"Normal"
0.59,0.08,9,3.38,0.5,4,"Dolent"
0.32,0.51,9.2,3.04,1.08,6,"Normal"
0.22,0.48,9.4,3.39,0.53,6,"Normal"
0.39,0.31,9.7,3.52,0.65,5,"Normal"
0.43,0.21,9.5,3.17,0.91,5,"Normal"
0.49,0.11,9.4,3.17,0.53,5,"Normal"
0.4,0.14,9.7,3.43,0.63,6,"Normal"
0.39,0.16,9.3,3.34,0.56,5,"Normal"
0.41,0.24,9.5,3.28,0.59,5,"Normal"
0.43,0.21,9.5,3.17,0.91,5,"Normal"
0.71,0,9.4,3.47,0.55,5,"Normal"
0.645,0,9.8,3.38,0.59,6,"Normal"
0.675,0.07,10.1,3.35,0.54,5,"Normal"
0.685,0,10.6,3.46,0.57,6,"Normal"
0.655,0.12,9.8,3.17,0.66,5,"Normal"
0.605,0.12,9.4,3.45,0.52,6,"Normal"
0.32,0.25,9.2,3.38,0.55,5,"Normal"
0.645,0,9.6,3.4,0.55,6,"Normal"
0.6,0.14,10.8,3.42,0.6,6,"Normal"
0.38,0.28,9.7,3.23,0.73,7,"Bo"
1.13,0.09,9.8,3.5,0.48,4,"Dolent"
0.45,0.36,10.5,3.33,0.83,5,"Normal"
0.45,0.36,10.5,3.33,0.83,5,"Normal"
0.61,0.3,9.3,3.26,0.51,4,"Dolent"
0.49,0.2,10.5,3.21,0.9,6,"Normal"
0.66,0.22,10.3,3.3,1.2,5,"Normal"
0.67,0.02,9.5,3.48,0.52,5,"Normal"
0.52,0.15,13.1,3.9,0.56,4,"Dolent"
0.935,0.43,9.2,3.25,0.73,5,"Normal"
0.29,0.52,9.5,3.25,0.58,5,"Normal"
0.4,0.23,9.2,3.34,0.56,5,"Normal"
0.31,0.37,9.2,3.32,0.58,5,"Normal"
0.66,0.26,9.2,3.15,0.74,5,"Normal"
0.52,0.04,9.4,3.4,0.63,6,"Normal"
0.5,0.04,9.4,3.39,0.64,6,"Normal"
0.38,0.36,9.4,3.2,0.56,5,"Normal"
0.51,0.15,10.2,3.17,0.63,6,"Normal"
0.62,0.04,9.5,3.34,0.53,5,"Normal"
0.42,0.57,9.6,3.04,0.63,5,"Normal"
0.63,0.12,9.4,3.26,0.77,5,"Normal"
0.59,0.18,10,3.43,0.59,5,"Normal"
0.39,0.31,9.4,3.41,0.54,6,"Normal"
0.4,0.4,9.2,3.44,0.64,5,"Normal"
0.69,0.49,9.3,3.21,0.71,5,"Normal"
0.52,0.16,9.5,3.38,0.62,7,"Bo"
0.735,0.05,9.8,3.39,0.57,5,"Normal"
0.725,0.05,10.9,3.41,0.39,5,"Normal"
0.725,0.05,10.9,3.41,0.39,5,"Normal"
0.52,0.11,9.6,3.42,0.58,5,"Normal"
0.705,0.07,10.7,3.44,0.58,5,"Normal"
0.32,0.57,10.7,3.28,0.79,5,"Normal"
0.705,0.05,10.5,3.34,0.95,6,"Normal"
0.63,0.08,9.5,3.32,0.54,6,"Normal"
0.67,0.23,9.5,3.32,0.48,5,"Normal"
0.69,0.22,9.5,3.31,0.48,5,"Normal"
0.675,0.26,9.2,3.31,0.53,4,"Dolent"
0.32,0.54,9.6,3.28,0.82,5,"Normal"
0.41,0.64,10.5,3.54,0.66,5,"Normal"
0.41,0.64,10.5,3.54,0.66,5,"Normal"
0.785,0,10.7,3.52,0.55,6,"Normal"
0.75,0.12,10.1,3.38,0.52,5,"Normal"
0.625,0.2,9.1,3.16,1.12,4,"Dolent"
0.45,0.2,9.2,3.41,0.56,5,"Normal"
0.43,0.7,9.4,3.13,1.28,5,"Normal"
0.5,0.47,9.1,3.36,0.57,5,"Normal"
0.67,0.26,9.4,3.16,1.14,5,"Normal"
0.3,0.48,10.3,3.44,0.78,6,"Normal"
0.55,0.15,10.1,3.41,0.59,5,"Normal"
0.49,0.28,9.9,2.93,1.95,6,"Normal"
0.49,0.26,9.6,3.39,0.64,5,"Normal"
0.39,0.44,9.5,3.14,1.22,5,"Normal"
0.62,0.08,9,3.48,0.53,5,"Normal"
0.52,0.26,9.5,3.23,0.54,5,"Normal"
0.49,0.28,9.9,2.93,1.95,6,"Normal"
0.49,0.29,9.8,2.93,1.98,5,"Normal"
0.49,0.26,9.6,3.39,0.64,5,"Normal"
1.02,0.04,10.5,3.75,0.48,4,"Dolent"
0.6,0.17,12.9,3.85,0.6,6,"Normal"
0.775,0,10.7,3.45,0.56,5,"Normal"
0.5,0.25,9.2,3.25,0.63,5,"Normal"
0.9,0.06,9.8,3.39,0.56,5,"Normal"
0.545,0.18,9,3.3,0.59,6,"Normal"
0.61,0.3,10.2,3.4,0.61,6,"Normal"
0.5,0.3,10.4,3.31,0.56,6,"Normal"
0.545,0.18,9,3.3,0.59,6,"Normal"
0.575,0.22,9.2,3.29,0.51,5,"Normal"
0.49,0.24,9.4,3.33,0.48,5,"Normal"
0.575,0.22,9.2,3.29,0.51,5,"Normal"
0.41,0.68,9.3,3.08,1.31,5,"Normal"
0.63,0.31,9.3,3.46,0.79,5,"Normal"
0.33,0.53,9.6,3.37,0.8,6,"Normal"
0.785,0.52,9.3,3.21,0.69,5,"Normal"
0.56,0.19,9.5,3.19,0.93,5,"Normal"
0.62,0.09,9.8,3.15,0.66,5,"Normal"
0.6,0.1,9.8,3.15,0.66,5,"Normal"
0.31,0.44,9.7,3.32,0.67,6,"Normal"
0.56,0.19,9.5,3.19,0.93,5,"Normal"
0.4,0.31,10.5,3.07,0.63,6,"Normal"
0.54,0.28,10,3.39,0.61,6,"Normal"
0.56,0.12,9.4,3.37,0.5,6,"Normal"
0.55,0.04,10.9,3.21,0.6,6,"Normal"
0.69,0.08,9.2,3.34,0.54,6,"Normal"
1.07,0.09,9,3.3,0.57,5,"Normal"
0.55,0.04,10.9,3.21,0.6,6,"Normal"
0.695,0,9.2,3.49,0.52,5,"Normal"
0.71,0,9.5,3.44,0.53,5,"Normal"
0.5,0.17,9.5,3.39,0.48,5,"Normal"
0.62,0.04,9.4,3.16,0.7,5,"Normal"
1.33,0,10.9,3.53,0.49,5,"Normal"
1.33,0,10.9,3.54,0.48,5,"Normal"
0.59,0.16,10.5,3.42,0.92,7,"Bo"
0.38,0.15,9.4,3.42,0.57,5,"Normal"
0.745,0.56,9.4,3.24,0.66,5,"Normal"
0.5,0.09,13,3.63,0.63,5,"Normal"
0.5,0.09,13,3.63,0.63,5,"Normal"
0.5,0.01,9.8,3.4,0.58,6,"Normal"
1.04,0.05,9.9,3.22,0.55,6,"Normal"
0.745,0.11,9.6,3.19,0.82,5,"Normal"
0.715,0.15,9.5,3.23,0.77,5,"Normal"
0.415,0.36,9.2,3.48,0.64,5,"Normal"
0.56,0.19,9.5,3.33,0.54,5,"Normal"
0.56,0.19,9.5,3.32,0.54,5,"Normal"
0.745,0.11,9.6,3.19,0.82,5,"Normal"
0.715,0.15,9.5,3.23,0.77,5,"Normal"
0.34,0,14,3.68,0.79,6,"Normal"
0.39,0.08,9.4,3.34,0.58,5,"Normal"
0.34,0,14,3.68,0.79,6,"Normal"
0.67,0.55,9.4,3.17,0.62,5,"Normal"
0.68,0.02,10,3.54,0.52,5,"Normal"
0.49,0.26,9.3,3.11,0.8,5,"Normal"
0.49,0.1,10.2,3.42,0.58,6,"Normal"
0.4,0.44,10.5,3.53,0.61,6,"Normal"
0.33,0.47,10.3,3.33,0.53,6,"Normal"
0.52,1,9.4,2.74,2,4,"Dolent"
0.6,0.03,10.1,3.35,0.54,5,"Normal"
0.6,0.03,10.1,3.35,0.54,5,"Normal"
0.43,0.42,10.5,3.42,0.72,5,"Normal"
0.43,0.42,10.5,3.42,0.71,5,"Normal"
0.43,0.42,10.5,3.42,0.72,5,"Normal"
0.43,0.42,10.5,3.42,0.71,5,"Normal"
0.68,0,9.3,3.48,0.5,5,"Normal"
0.6,0.18,9.3,3.59,0.57,6,"Normal"
0.95,0.03,9.6,3.2,0.56,5,"Normal"
0.68,0.02,9.2,3.17,1.08,4,"Dolent"
0.53,0.04,10,3.33,0.56,6,"Normal"
0.6,0.26,9.4,3.37,0.49,5,"Normal"
0.59,0.26,9.4,3.37,0.49,5,"Normal"
0.63,0.48,9.5,3.19,0.62,5,"Normal"
0.64,0.1,10.2,3.34,0.52,5,"Normal"
0.55,0.03,9,3.37,0.48,4,"Dolent"
0.63,0.07,10.4,3.47,0.55,6,"Normal"
0.705,0.24,9.5,3,1.59,5,"Normal"
0.885,0.03,9.1,3.36,0.33,4,"Dolent"
0.42,0.17,9.2,3.29,0.61,6,"Normal"
0.42,0.17,9.2,3.29,0.61,6,"Normal"
0.62,0.05,11.5,3.42,0.57,6,"Normal"
0.38,0.21,9.5,3.33,0.47,5,"Normal"
0.5,0.04,9.5,3.35,0.78,5,"Normal"
0.38,0.21,9.5,3.33,0.47,5,"Normal"
0.52,0.42,10.5,3.58,0.61,6,"Normal"
0.805,0,9.6,3.48,0.56,5,"Normal"
0.61,0.14,9.5,3.19,0.59,5,"Normal"
0.61,0.14,9.5,3.19,0.59,5,"Normal"
0.61,0.49,9.3,3.12,1.02,5,"Normal"
0.73,0.02,9.3,3.44,0.52,5,"Normal"
0.61,0.2,9.3,3.54,0.58,5,"Normal"
0.62,0.21,9.3,3.52,0.58,6,"Normal"
0.31,0.57,9.7,3.26,0.53,5,"Normal"
0.39,0.48,9.2,3.34,0.55,5,"Normal"
0.705,0.1,9.7,3.39,0.49,5,"Normal"
0.5,0.33,9.5,3.2,0.55,5,"Normal"
0.49,0.32,9.5,3.2,0.55,5,"Normal"
0.5,0.35,9.4,3.23,0.62,5,"Normal"
0.37,0.25,9.8,3.57,0.62,6,"Normal"
0.63,0.12,9.5,3.28,0.61,5,"Normal"
0.55,0.21,9.7,3.28,0.55,5,"Normal"
0.55,0.21,9.7,3.28,0.55,5,"Normal"
0.59,0.33,9.4,3.25,0.54,5,"Normal"
0.58,0.3,10.2,3.46,0.59,5,"Normal"
0.3,0.6,10.1,3.11,0.97,6,"Normal"
0.835,0.08,13,3.57,0.85,7,"Bo"
1.09,0.06,11.4,3.51,0.43,4,"Dolent"
0.32,0.47,10.3,3.22,0.82,7,"Bo"
0.37,0.48,9.3,3.04,1.03,5,"Normal"
0.5,0.11,9.5,3.36,0.79,5,"Normal"
0.42,0.35,9.2,3.34,0.55,5,"Normal"
0.43,0.36,9.2,3.34,0.56,6,"Normal"
0.3,0.74,10.8,3.2,0.77,7,"Bo"
0.3,0.74,10.8,3.2,0.77,7,"Bo"
0.57,0.31,9.3,3.29,0.53,5,"Normal"
0.44,0.28,9.4,3.22,0.67,5,"Normal"
0.3,0.58,10.5,3.31,0.88,7,"Bo"
0.53,0.6,12.4,3.3,0.86,6,"Normal"
0.725,0.24,10,3.35,0.56,6,"Normal"
0.44,0.64,10.2,3.21,0.67,6,"Normal"
0.57,0.26,10.1,3.3,0.43,5,"Normal"
0.735,0.08,9.8,3.24,0.71,6,"Normal"
0.49,0.49,10.5,3.34,0.76,5,"Normal"
0.625,0.16,11,3.14,0.57,5,"Normal"
0.725,0.22,9.1,3.36,0.55,5,"Normal"
0.49,0.19,9.7,3.39,0.54,5,"Normal"
0.53,0.33,9.5,3.3,0.6,5,"Normal"
0.34,0.37,9.4,3.34,0.59,6,"Normal"
0.53,0.26,9.4,3.15,0.57,5,"Normal"
0.61,0.04,9.5,3.42,0.6,5,"Normal"
0.645,0.25,10,3.28,0.6,6,"Normal"
0.635,0.36,10.4,3.31,0.57,4,"Dolent"
0.43,0.25,10.5,3.37,0.58,6,"Normal"
0.59,0.5,9.5,3.04,1.61,6,"Normal"
0.82,0.14,9.8,3.39,0.63,5,"Normal"
0.43,0.25,10.5,3.37,0.58,6,"Normal"
0.52,0.25,11,3.46,0.5,5,"Normal"
0.48,0.04,12.2,3.54,0.62,7,"Bo"
0.38,0.06,9.9,3.37,0.52,6,"Normal"
0.37,0.2,9.6,3.34,0.7,6,"Normal"
0.52,0.25,11,3.46,0.5,5,"Normal"
1,0.09,9,3.32,0.55,6,"Normal"
0.63,0,9,3.37,0.58,6,"Normal"
0.63,0,9,3.37,0.58,6,"Normal"
0.645,0,9.2,3.37,0.58,6,"Normal"
0.63,0,9,3.37,0.58,6,"Normal"
1,0.09,9,3.32,0.55,6,"Normal"
0.635,0.37,9.3,3,1.09,5,"Normal"
0.38,0.56,10.9,3.14,0.71,6,"Normal"
0.58,0.1,9.8,3.08,0.49,6,"Normal"
0.21,0.44,9.2,3.07,0.84,7,"Bo"
0.21,0.44,9.2,3.07,0.84,7,"Bo"
0.66,0,9.9,3.61,0.96,6,"Normal"
0.68,0.07,9.5,3.38,0.52,5,"Normal"
0.6,0.17,9.3,3.2,0.45,5,"Normal"
0.53,0.06,9.8,3.35,0.48,6,"Normal"
0.66,0,9.9,3.61,0.96,6,"Normal"
0.32,0.44,10,3.22,0.78,6,"Normal"
0.6,0,9.9,3.47,0.7,6,"Normal"
0.35,0.48,10.5,3.17,0.53,5,"Normal"
0.775,0.42,9.5,3.23,0.59,5,"Normal"
0.6,0,9.9,3.47,0.7,6,"Normal"
0.57,0.23,9.3,3.26,0.57,5,"Normal"
0.34,0.37,9.2,3.22,0.62,5,"Normal"
0.695,0,9.2,3.49,0.67,5,"Normal"
0.41,0.76,9.4,3.06,1.26,5,"Normal"
0.31,0.47,10.5,3.36,0.8,7,"Bo"
0.33,0.23,9.3,3.29,0.65,5,"Normal"
0.975,0.04,9.4,3.35,0.6,4,"Dolent"
0.52,0.03,10,3.34,0.57,5,"Normal"
0.37,0.23,9.3,3.28,0.67,5,"Normal"
0.56,0.49,10.9,3.08,0.87,5,"Normal"
0.26,0.52,10.2,3.2,0.72,7,"Bo"
0.87,0,9.8,3.6,0.72,4,"Dolent"
0.35,0.46,12.8,3.35,0.86,8,"Bo"
0.54,0.04,9.4,3.69,0.91,6,"Normal"
0.18,0.51,10.1,3.28,0.97,6,"Normal"
0.545,0.06,10.7,3.36,0.67,6,"Normal"
0.18,0.51,10.1,3.28,0.97,6,"Normal"
0.37,0.58,10.1,3.22,0.78,5,"Normal"
0.715,0.2,9.4,3.31,0.64,5,"Normal"
0.65,0.18,9.4,3.38,0.77,5,"Normal"
0.545,0.06,10.7,3.36,0.67,6,"Normal"
0.54,0.04,9.4,3.69,0.91,6,"Normal"
0.18,0.51,10.1,3.28,0.97,6,"Normal"
0.32,0.45,12.6,3.23,0.82,8,"Bo"
0.4,0.32,10.5,3.38,0.77,7,"Bo"
0.26,0.44,9.3,3.12,0.82,6,"Normal"
0.27,0.68,9.9,3.25,1.08,7,"Bo"
0.52,0.12,9.1,3.36,0.57,5,"Normal"
0.4,0.32,10.5,3.38,0.77,7,"Bo"
0.59,0.07,9.8,3.31,0.71,5,"Normal"
0.59,0.07,9.8,3.31,0.71,5,"Normal"
0.45,0.55,10.3,3.1,0.76,6,"Normal"
0.4,0.12,10.3,3.37,0.7,6,"Normal"
0.52,0.09,10.6,3.34,0.86,7,"Bo"
0.42,0.53,9.2,3.2,0.95,5,"Normal"
0.52,0.09,10.6,3.34,0.86,7,"Bo"
0.2,0.48,10.5,3.3,0.71,5,"Normal"
0.55,0.23,10.3,3.22,0.64,6,"Normal"
0.36,0.25,10.1,3.41,0.6,6,"Normal"
0.34,0.52,9.5,3.05,0.81,6,"Normal"
0.5,0.46,9.5,3.05,0.64,5,"Normal"
0.83,0.37,9.9,3.16,0.52,5,"Normal"
0.63,0.06,9.6,3.67,0.73,5,"Normal"
0.65,0.02,9.7,3.67,0.8,5,"Normal"
0.67,0.06,9.6,3.68,0.71,5,"Normal"
0.53,0.06,10.7,3.38,0.59,6,"Normal"
0.18,0.48,10.1,3.22,0.64,6,"Normal"
0.705,0.12,10,3.51,0.72,5,"Normal"
0.67,0.12,9.5,3.39,0.54,5,"Normal"
0.65,0.6,9.2,3.2,0.52,5,"Normal"
0.53,0.48,9.3,3.12,0.59,6,"Normal"
0.62,0.32,9.4,3.36,0.52,5,"Normal"
0.41,0.42,9.5,3.19,0.62,6,"Normal"
0.43,0.44,9.5,3.19,0.63,6,"Normal"
0.29,0.38,9.5,3.41,0.53,6,"Normal"
0.53,0.48,9.3,3.12,0.59,6,"Normal"
0.53,0.24,9.4,3.27,0.54,6,"Normal"
0.46,0.31,9.5,3.32,0.63,6,"Normal"
0.47,0.3,9.4,3.3,0.53,5,"Normal"
0.36,0.29,11,3.39,0.68,5,"Normal"
0.35,0.29,11,3.42,0.65,6,"Normal"
0.56,0.23,10.1,3.3,0.65,5,"Normal"
0.77,0.12,10.4,3.3,0.64,6,"Normal"
0.66,0.39,11.5,3.37,0.71,7,"Bo"
0.77,0.12,10.4,3.3,0.64,6,"Normal"
0.66,0.39,11.5,3.37,0.71,7,"Bo"
0.61,0.26,9.7,3.24,0.62,5,"Normal"
0.62,0.05,9.3,3.29,0.63,5,"Normal"
0.59,0.42,9.5,3.28,0.7,6,"Normal"
0.49,0.2,9.2,3.16,0.69,6,"Normal"
0.49,0.2,9.2,3.16,0.69,6,"Normal"
0.53,0.66,11.5,3.05,0.74,7,"Bo"
0.44,0.5,11.5,3.28,0.83,5,"Normal"
0.27,0.62,9.7,3.16,0.67,6,"Normal"
0.46,0.39,9.5,3.18,0.62,5,"Normal"
0.36,0.64,12.5,3.23,0.66,6,"Normal"
0.36,0.64,12.5,3.23,0.66,6,"Normal"
0.58,0.28,9.4,3.22,0.54,6,"Normal"
0.56,0.08,11,3.13,0.52,5,"Normal"
0.65,0.01,11.7,3.34,0.74,7,"Bo"
0.695,0.53,12.2,3.17,0.84,7,"Bo"
0.43,0.45,12.5,3.35,0.7,6,"Normal"
0.43,0.32,10.3,3.31,0.64,5,"Normal"
0.49,0.58,11.5,3.16,1,6,"Normal"
0.28,0.54,9.8,3.11,1.36,7,"Bo"
0.34,0.5,9.2,3.12,1.18,6,"Normal"
0.42,0.48,11.3,3.21,0.87,6,"Normal"
0.39,0.47,9.8,3.3,0.75,6,"Normal"
0.39,0.47,9.8,3.3,0.75,6,"Normal"
0.57,0.5,10.7,3.12,0.78,6,"Normal"
0.685,0,9.9,3.6,0.81,5,"Normal"
0.815,0.02,12.3,3.58,0.89,7,"Bo"
0.49,0.67,12,3.02,0.93,6,"Normal"
0.56,0.31,10,3.11,0.92,6,"Normal"
0.785,0,9.4,3.36,0.86,6,"Normal"
0.67,0.22,9.9,3.28,0.98,6,"Normal"
0.795,0,9.4,3.35,0.83,6,"Normal"
0.665,0,9.3,3.27,0.73,5,"Normal"
0.53,0.79,13,3.18,0.77,5,"Normal"
0.21,0.4,11.9,3.25,0.59,6,"Normal"
0.75,0.01,12.8,3.55,0.61,6,"Normal"
0.41,0.52,11,3.26,0.88,5,"Normal"
0.42,0.66,11.7,3.24,0.75,7,"Bo"
0.43,0.66,10.4,3.15,0.85,7,"Bo"
0.38,0.66,9.8,3.17,0.68,6,"Normal"
0.7,0.23,9.4,3.19,0.7,5,"Normal"
0.45,0.31,9.9,3.37,0.91,6,"Normal"
0.58,0.66,10,3.05,0.56,5,"Normal"
0.46,0.63,10.2,2.99,0.87,5,"Normal"
0.615,0.66,10,3.07,0.73,7,"Bo"
0.42,0.5,11.8,3.26,0.93,6,"Normal"
0.615,0.66,10,3.07,0.73,7,"Bo"
0.575,0.61,9,3.16,0.69,5,"Normal"
0.34,0.52,9.4,3.18,0.64,5,"Normal"
0.27,0.53,12,3.2,1.13,7,"Bo"
0.765,0.02,9.9,3.57,0.78,5,"Normal"
0.24,0.4,8.7,3.32,0.87,6,"Normal"
0.28,0.48,10.6,3.32,1.04,6,"Normal"
0.55,0.22,9.2,3.05,0.63,5,"Normal"
0.41,0.63,10.8,3.01,0.81,6,"Normal"
0.54,0.71,11.8,3.01,0.83,7,"Bo"
0.45,0.5,11,3.26,1.11,6,"Normal"
0.27,0.53,12,3.2,1.13,7,"Bo"
0.625,0.66,13.3,3.11,0.99,6,"Normal"
0.42,0.38,10.8,3.31,0.7,6,"Normal"
0.26,0.42,9.4,3.21,0.8,6,"Normal"
0.415,0.68,10,3.06,0.8,6,"Normal"
0.26,0.42,9.4,3.21,0.8,6,"Normal"
0.26,0.42,9.4,3.21,0.8,6,"Normal"
0.51,0.28,9.2,3.42,0.74,5,"Normal"
0.63,0.07,9.7,3.43,0.76,6,"Normal"
0.54,0.26,9.2,3.41,0.74,6,"Normal"
0.66,0.15,9.6,3.31,0.54,6,"Normal"
0.46,0.26,9.2,3.43,0.74,6,"Normal"
0.38,0.31,10,3.19,0.7,7,"Bo"
0.85,0.05,12.9,3.56,0.82,8,"Bo"
0.415,0.68,10,3.06,0.8,6,"Normal"
0.37,0.52,9.5,3.18,0.51,5,"Normal"
0.665,0.61,9.1,3.16,0.54,5,"Normal"
0.6,0.65,9.9,3.03,0.57,5,"Normal"
0.37,0.76,13,3.22,0.6,7,"Bo"
0.735,0.02,9.9,3.47,0.53,5,"Normal"
0.59,0.59,11,3.18,0.65,6,"Normal"
0.59,0.59,11,3.18,0.65,6,"Normal"
0.765,0.22,9.4,3.1,0.55,5,"Normal"
0.735,0.02,9.9,3.47,0.53,5,"Normal"
0.26,0.3,10.8,3.29,0.47,6,"Normal"
0.48,0.54,10.5,3.1,0.61,6,"Normal"
0.6,0.49,10.5,3.15,0.63,6,"Normal"
0.69,0.05,9.1,3.26,0.61,5,"Normal"
0.31,0.46,10.1,3.36,0.76,6,"Normal"
0.44,0.47,10.8,3.24,0.65,6,"Normal"
0.39,0.66,10.8,3.18,0.63,7,"Bo"
0.34,0.58,11.3,3.19,0.7,6,"Normal"
0.46,0.49,9.6,3.05,0.57,4,"Dolent"
0.43,0.34,9.5,3.38,0.62,6,"Normal"
0.45,0.35,9.5,3.38,0.62,5,"Normal"
0.735,0.16,9.3,3.27,0.64,5,"Normal"
0.4,0.53,11.7,3.27,0.82,7,"Bo"
0.52,0.34,9.5,3.26,0.61,5,"Normal"
0.725,0.24,9.3,3.32,1.07,5,"Normal"
0.48,0.64,11.7,3.26,0.66,6,"Normal"
0.58,0.12,10.5,3.44,0.48,5,"Normal"
0.38,0.51,10.4,3.24,0.76,6,"Normal"
0.77,0,9.9,3.62,0.68,5,"Normal"
0.56,0.33,11.8,3.28,0.73,7,"Bo"
0.84,0.03,12.3,3.52,0.56,7,"Bo"
0.96,0.2,10.9,3.36,0.44,5,"Normal"
0.24,0.47,11,3.15,0.9,7,"Bo"
0.96,0.2,10.9,3.36,0.44,5,"Normal"
0.84,0.03,12.3,3.52,0.56,7,"Bo"
0.67,0.08,11.4,3.49,0.49,6,"Normal"
0.78,0.22,10.6,3.26,0.56,6,"Normal"
0.52,0.33,9.3,3.24,0.6,5,"Normal"
0.84,0.63,10.4,3.1,0.6,6,"Normal"
0.24,0.47,11,3.15,0.9,7,"Bo"
0.55,0.35,9.2,3.25,0.56,5,"Normal"
0.37,0.69,12.8,3,0.65,6,"Normal"
0.39,0.63,9.5,3.16,0.49,5,"Normal"
0.41,0.55,9.9,3.15,0.89,6,"Normal"
0.39,0.63,9.5,3.16,0.49,5,"Normal"
0.67,0.3,10.2,3.26,0.56,6,"Normal"
0.45,0.73,11.2,3.17,0.66,6,"Normal"
0.41,0.55,9.9,3.15,0.89,6,"Normal"
0.62,0.18,9.3,3.08,0.6,5,"Normal"
0.31,0.72,9.8,2.88,0.82,8,"Bo"
0.4,0.65,11.3,3.06,0.68,6,"Normal"
0.685,0.76,11.2,2.95,0.68,7,"Bo"
0.44,0.49,11.6,3.23,0.63,7,"Bo"
0.57,0.01,12.5,3.57,0.84,7,"Bo"
0.735,0.1,10.1,3.23,0.56,6,"Normal"
0.38,0.6,10.5,3.1,0.73,5,"Normal"
0.48,0.29,11.2,3.22,0.72,5,"Normal"
0.53,0.22,10.2,3.2,0.56,6,"Normal"
0.39,0.69,10.8,3.1,0.61,6,"Normal"
0.39,0.69,10.8,3.1,0.61,6,"Normal"
0.37,0.53,9.1,3.06,1.06,6,"Normal"
0.56,0.03,10,3.44,0.63,6,"Normal"
0.33,0.63,11.2,3.26,0.74,7,"Bo"
0.23,0.4,11.1,3.5,0.63,5,"Normal"
0.62,0.67,13.4,3.22,0.69,8,"Bo"
0.59,0.39,10.3,3.37,0.58,5,"Normal"
0.63,0.21,9.6,3.28,0.58,5,"Normal"
0.33,0.63,11.2,3.26,0.74,7,"Bo"
0.58,0.66,9,3.25,0.57,3,"Dolent"
0.43,0.52,11.3,3.35,0.61,6,"Normal"
0.615,0.22,9.3,3.26,0.61,5,"Normal"
0.26,0.68,11.8,3.18,0.61,5,"Normal"
0.66,0.7,9,3.08,0.53,5,"Normal"
0.315,0.54,9.2,2.98,0.7,6,"Normal"
0.29,0.4,9.7,3.48,0.91,5,"Normal"
0.5,0.42,11.5,3.16,0.72,6,"Normal"
0.46,0.45,14,3.32,0.79,6,"Normal"
0.36,0.69,9.2,3.17,0.62,6,"Normal"
0.82,0.02,9.8,3.2,0.58,5,"Normal"
0.32,0.65,10.6,3.05,0.61,5,"Normal"
0.54,0.42,11.4,3.2,0.71,6,"Normal"
0.37,0.55,10.4,3.15,0.82,6,"Normal"
0.35,0.55,10.6,3.26,0.79,5,"Normal"
0.28,0.51,9.4,3.2,0.89,6,"Normal"
0.68,0.24,10.2,3.14,0.6,5,"Normal"
0.27,0.41,9.7,3.28,0.7,5,"Normal"
0.24,0.49,11,3.18,1.06,6,"Normal"
0.68,0.24,10.2,3.14,0.6,5,"Normal"
0.685,0.11,10.1,3.19,0.7,6,"Normal"
0.28,0.39,9.2,3.12,0.66,5,"Normal"
0.3,0.56,11.7,3.15,0.92,8,"Bo"
0.36,0.59,9.4,3.04,1.05,5,"Normal"
0.36,0.6,9.4,3.04,1.06,5,"Normal"
0.44,0.68,13.4,3.06,0.66,6,"Normal"
0.67,0.39,10,3.17,0.47,5,"Normal"
0.67,0.39,10,3.17,0.47,5,"Normal"
0.645,0.36,10,3.17,0.42,6,"Normal"
0.32,0.55,10.8,3.32,0.92,7,"Bo"
0.39,0.4,10.2,3.34,0.75,6,"Normal"
0.775,0.27,10.6,3.31,0.67,6,"Normal"
0.41,0.5,13.3,3.34,0.79,7,"Bo"
0.4,0.51,13.4,3.32,0.9,7,"Bo"
0.69,0.31,11.6,3.48,0.74,6,"Normal"
0.39,0.23,12.1,3.44,0.55,6,"Normal"
0.35,0.53,11,3.15,0.65,8,"Bo"
0.52,0.25,9,3.43,0.65,6,"Normal"
0.34,0.32,11.1,3.32,0.79,5,"Normal"
0.35,0.53,11,3.15,0.65,8,"Bo"
0.69,0.31,11.6,3.48,0.74,6,"Normal"
0.52,0.25,9,3.43,0.65,6,"Normal"
0.44,0.73,12,3.17,0.85,7,"Bo"
0.44,0.73,12,3.17,0.85,7,"Bo"
0.26,0.47,10.9,3.18,1.04,7,"Bo"
0.24,0.42,10.8,3.21,1.05,7,"Bo"
0.49,0.63,12.5,3.16,0.78,7,"Bo"
0.24,0.46,10.8,3.25,1.02,7,"Bo"
0.67,0.55,9.5,3.17,0.71,6,"Normal"
0.59,0.31,10.2,3.18,0.63,6,"Normal"
0.29,0.75,11.4,3.04,0.68,7,"Bo"
0.42,0.49,9.5,3.02,0.61,5,"Normal"
0.59,0.31,10.2,3.18,0.63,6,"Normal"
0.4,0.48,9.7,3.03,0.81,6,"Normal"
0.51,0.64,11.8,3.09,0.66,7,"Bo"
0.51,0.64,11.8,3.09,0.66,7,"Bo"
0.655,0.49,9.3,3.31,1.14,5,"Normal"
0.6,0.49,11.9,3.25,0.74,6,"Normal"
0.61,0.49,8.4,3.16,0.63,3,"Dolent"
0.21,0.49,11.7,3.22,0.68,6,"Normal"
0.365,0.49,11,3.36,0.78,5,"Normal"
0.25,0.49,10,3.42,0.9,6,"Normal"
0.41,0.49,9.1,3.48,0.64,5,"Normal"
0.39,0.49,9.8,3.38,0.99,5,"Normal"
0.4,0.49,9.4,3.22,0.55,5,"Normal"
0.43,0.49,9.5,3.23,0.64,5,"Normal"
0.64,0.24,9.9,3.24,0.67,5,"Normal"
0.365,0.49,11,3.36,0.78,5,"Normal"
0.38,0.49,11.4,3.39,0.77,6,"Normal"
0.42,0.49,8.7,3.34,0.75,6,"Normal"
0.63,0.24,9.4,3.09,0.57,5,"Normal"
0.22,0.24,10.3,3.41,0.87,6,"Normal"
0.38,0.49,10.3,3.16,0.61,5,"Normal"
0.38,0.49,10.3,3.16,0.61,5,"Normal"
0.27,0.24,12.8,3.22,0.66,6,"Normal"
0.48,0.24,10,3.28,0.56,6,"Normal"
0.22,0.24,10.3,3.41,0.87,6,"Normal"
0.63,0.24,9.4,3.09,0.57,5,"Normal"
0.825,0.24,10.7,3.37,0.77,6,"Normal"
0.35,0.49,12,3.2,0.66,7,"Bo"
0.5,0.74,11.2,3.22,0.62,5,"Normal"
0.59,0.24,9.6,3.26,0.67,5,"Normal"
0.46,0.49,11,3.21,0.73,6,"Normal"
0.715,0.24,9.9,3.12,0.59,5,"Normal"
0.66,0.24,11,3.06,0.72,6,"Normal"
0.31,0.74,8.4,2.86,0.79,6,"Normal"
0.47,0.49,9.1,3.08,0.59,5,"Normal"
0.55,0.24,9.5,3.45,0.78,6,"Normal"
0.31,0.49,10.7,3.26,0.86,6,"Normal"
0.35,0.49,10.4,3.12,0.75,6,"Normal"
0.53,0.49,9.4,3.27,0.61,6,"Normal"
0.51,0.01,9.5,3.33,0.56,6,"Normal"
0.43,0.24,10,3.19,0.73,6,"Normal"
0.46,0.24,10,3.12,0.74,6,"Normal"
1.04,0.24,11.5,3.74,0.62,5,"Normal"
0.645,0.49,11.1,2.92,0.74,5,"Normal"
0.645,0.49,11.1,2.92,0.74,5,"Normal"
0.53,0.49,11.7,3.07,0.56,6,"Normal"
0.645,0.49,11.1,2.92,0.74,5,"Normal"
0.53,0.49,11.7,3.07,0.56,6,"Normal"
0.47,0.49,12.7,3.3,0.68,6,"Normal"
0.6,0.49,11.4,3.14,0.57,5,"Normal"
0.44,0.49,9.2,3.23,0.58,5,"Normal"
0.54,0.49,9.2,3.08,0.61,5,"Normal"
0.29,0.49,10.1,3.31,0.61,6,"Normal"
0.47,0.49,12.7,3.3,0.68,6,"Normal"
0.6,0.49,11.4,3.14,0.57,5,"Normal"
0.7,0.24,9,3.32,0.6,6,"Normal"
0.7,0.24,9,3.32,0.6,6,"Normal"
0.5,0.49,10.7,3.31,0.79,6,"Normal"
0.36,0.24,11.7,3.57,0.57,6,"Normal"
0.35,0.49,11,3.32,0.91,6,"Normal"
0.36,0.24,11.7,3.57,0.57,6,"Normal"
0.24,0.49,10.4,3.14,0.61,5,"Normal"
0.59,0.49,9.6,3.3,0.56,4,"Dolent"
0.34,0.49,10,3.19,0.7,6,"Normal"
0.27,0.49,10.2,3.2,0.8,6,"Normal"
0.5,0.24,10,3.34,0.52,4,"Dolent"
0.44,0.49,9.5,3.3,0.6,5,"Normal"
0.47,0.49,9.8,3.29,0.6,5,"Normal"
0.31,0.49,9.8,3.14,0.51,6,"Normal"
0.5,0.49,9.6,3.19,0.44,5,"Normal"
0.5,0.49,9.6,3.19,0.44,5,"Normal"
0.49,0.49,9.2,3.19,0.43,5,"Normal"
0.28,0.49,9.9,2.98,0.66,7,"Bo"
0.33,0.49,10.7,3.3,0.76,7,"Bo"
0.51,0.24,9.6,3.47,0.66,6,"Normal"
0.31,0.49,10.6,3.12,1.02,7,"Bo"
0.73,0.24,9.3,3.26,0.59,5,"Normal"
0.42,0.24,14,3.72,0.74,8,"Bo"
0.29,0.49,10.5,3.05,0.74,7,"Bo"
0.45,0.49,9.7,3.35,0.57,5,"Normal"
0.39,0.49,11.5,3.12,0.5,6,"Normal"
0.45,0.49,9.7,3.35,0.57,5,"Normal"
0.49,0.58,9,3.29,0.58,5,"Normal"
0.72,0.17,9.5,3.4,0.53,5,"Normal"
0.595,0.41,9.3,3.27,0.57,5,"Normal"
0.4,0.51,9.3,3.04,0.6,6,"Normal"
0.58,0.58,10,3.09,0.63,6,"Normal"
0.585,0.18,9.8,3.2,0.48,6,"Normal"
0.59,0.45,9.3,3,0.7,6,"Normal"
0.915,0.27,10,3.26,0.47,4,"Dolent"
0.46,0.52,9,3.1,0.56,6,"Normal"
0.835,0,9.3,3.3,0.52,5,"Normal"
0.46,0.52,9,3.1,0.56,6,"Normal"
0.58,0.13,9.1,3.17,0.62,6,"Normal"
0.6,0.13,9.2,3.31,0.59,6,"Normal"
0.41,0.48,12.2,3.34,0.79,7,"Bo"
0.48,0.41,10.5,3.31,0.53,6,"Normal"
0.65,0.37,10.4,3.32,0.64,6,"Normal"
0.36,0.19,12.7,3.56,0.52,6,"Normal"
0.24,0.54,9.2,3.39,0.54,5,"Normal"
0.38,0.55,9.4,2.98,0.54,5,"Normal"
0.64,0,10,3.32,0.6,6,"Normal"
0.39,0.38,9.8,3.26,0.74,5,"Normal"
0.755,0.18,10.2,2.87,1.36,6,"Normal"
0.6,0.5,9.7,3.5,0.57,5,"Normal"
0.6,0.5,9.7,3.5,0.57,5,"Normal"
0.31,0.51,9.8,3.03,0.93,6,"Normal"
0.46,0.5,10.2,3.13,0.7,5,"Normal"
0.37,0.41,9.3,3.09,0.8,5,"Normal"
0.54,0.24,9.4,3.27,0.61,5,"Normal"
0.56,0.23,9.4,3.28,0.62,5,"Normal"
0.58,0.22,9.5,3.13,0.55,5,"Normal"
0.51,0.25,12.1,3.49,0.96,6,"Normal"
0.69,0,10.2,3.46,0.72,5,"Normal"
0.69,0,10.2,3.46,0.72,5,"Normal"
0.6,0.29,9.1,3.36,0.49,5,"Normal"
0.6,0.29,9.1,3.36,0.49,5,"Normal"
0.54,0.26,9.3,3.27,0.6,6,"Normal"
0.685,0.23,9.3,3.21,0.61,5,"Normal"
0.54,0.26,9.3,3.27,0.6,6,"Normal"
0.28,0.54,9.5,3.25,0.63,5,"Normal"
0.41,0.14,10.5,3.32,0.57,6,"Normal"
0.935,0.22,11.3,3.43,0.64,4,"Dolent"
0.35,0.21,9.5,3.27,0.58,5,"Normal"
0.84,0,9.7,3.27,0.55,5,"Normal"
0.88,0.28,9.4,3.24,0.53,5,"Normal"
0.885,0.27,9.4,3.24,0.53,5,"Normal"
0.915,0.12,10.2,3.35,0.65,7,"Bo"
0.29,0.35,10.3,3.18,1.36,6,"Normal"
0.54,0.45,9.4,3.39,0.62,5,"Normal"
0.59,0.44,9.5,3.46,0.63,5,"Normal"
0.54,0.45,9.4,3.39,0.62,5,"Normal"
0.59,0.44,9.5,3.46,0.63,5,"Normal"
0.54,0.45,9.4,3.39,0.62,5,"Normal"
0.64,0.1,10.1,3.37,0.69,7,"Bo"
0.67,0.05,10.1,3.4,0.63,5,"Normal"
0.845,0.01,11,3.32,0.58,4,"Dolent"
0.48,0.3,11.2,3.33,0.67,7,"Bo"
0.42,0.27,11.3,3.16,0.57,6,"Normal"
0.43,0.39,9.6,2.89,0.5,5,"Normal"
0.88,0.25,11.2,3.41,0.67,5,"Normal"
0.36,0.65,14.9,2.98,0.84,5,"Normal"
0.33,0.59,12,3.12,0.54,6,"Normal"
0.47,0.47,9.5,3.08,0.46,5,"Normal"
0.55,0.17,9.4,3.14,0.61,5,"Normal"
0.43,0.39,9.6,2.89,0.5,5,"Normal"
0.5,0.59,10.5,2.92,0.68,7,"Bo"
0.52,0.07,9.6,3.32,0.81,6,"Normal"
0.84,0.02,11,3.41,0.57,4,"Dolent"
0.52,0.07,9.6,3.32,0.81,6,"Normal"
0.42,0.31,9,3.31,0.64,5,"Normal"
0.57,0.06,9.6,3.36,0.7,6,"Normal"
0.28,0.46,10.2,3.04,0.79,6,"Normal"
0.4,0.52,10.2,3.03,0.66,5,"Normal"
0.59,0.14,9.7,3.14,0.56,5,"Normal"
0.49,0.36,9.5,3.18,0.6,6,"Normal"
0.34,0.45,9.2,2.94,0.66,6,"Normal"
0.73,0.43,11,3.15,0.57,5,"Normal"
0.34,0.45,9.2,2.94,0.66,6,"Normal"
0.4,0.24,10,3.26,0.58,5,"Normal"
0.73,0.21,9.5,3.2,0.52,5,"Normal"
1.24,0.34,9.5,3.15,0.53,5,"Normal"
0.73,0.21,9.5,3.2,0.52,5,"Normal"
0.4,0.41,9.3,3.08,0.67,6,"Normal"
0.41,0.39,10.2,3.26,0.65,5,"Normal"
0.4,0.41,9.3,3.08,0.67,6,"Normal"
0.8,0.11,9.9,3.4,0.48,5,"Normal"
0.78,0.1,10,3.48,0.53,5,"Normal"
0.26,0.45,9.6,3.13,0.54,5,"Normal"
0.43,0.58,9,3.06,0.49,5,"Normal"
0.45,0.23,10.2,3.21,0.49,6,"Normal"
0.46,0.31,9.8,3.33,0.54,5,"Normal"
0.78,0.23,11.3,3.37,0.56,5,"Normal"
0.98,0.32,9.4,3.25,0.48,5,"Normal"
0.78,0.23,11.3,3.37,0.56,5,"Normal"
0.65,0.18,9.1,3.44,0.6,5,"Normal"
0.64,0.23,9.7,3.28,0.59,5,"Normal"
0.66,0.04,9.4,3.4,0.47,5,"Normal"
0.38,0.48,9.4,3.3,1.05,5,"Normal"
1.185,0,10.7,3.63,0.54,3,"Dolent"
0.92,0.24,9.8,3.48,0.54,5,"Normal"
0.49,0.51,9,3.03,1.17,5,"Normal"
0.48,0.32,9.4,3.32,0.62,5,"Normal"
0.47,0.31,9.4,3.31,0.61,5,"Normal"
0.47,0.02,12.8,3.9,0.62,6,"Normal"
0.65,0.02,9.5,3.47,0.67,6,"Normal"
0.65,0.02,9.5,3.47,0.67,6,"Normal"
0.615,0.28,9.7,3.31,0.53,5,"Normal"
0.38,0.55,10.8,3.11,0.62,6,"Normal"
1.02,0.43,10.1,3.08,0.57,6,"Normal"
0.65,0.02,9.5,3.47,0.67,6,"Normal"
0.64,0.02,9.4,3.47,0.67,6,"Normal"
0.38,0.48,9.6,3.32,0.7,4,"Dolent"
0.765,0.04,9.7,3.29,0.54,4,"Dolent"
1.035,0.15,9.9,3.37,0.49,5,"Normal"
0.78,0.08,10,3.4,0.47,5,"Normal"
0.49,0.19,10.5,3.37,0.51,5,"Normal"
0.545,0.12,11.6,3.34,0.61,6,"Normal"
0.31,0.47,10,3.27,0.66,6,"Normal"
1.025,0.43,10.1,3.06,0.57,5,"Normal"
0.565,0.34,9.5,3.38,0.61,5,"Normal"
0.69,0,9.4,3.36,0.45,5,"Normal"
0.43,0.36,9.4,3.34,0.46,5,"Normal"
0.74,0.28,9.8,3.28,0.51,5,"Normal"
0.49,0.18,9.2,3.29,0.48,6,"Normal"
0.43,0.36,9.4,3.34,0.46,5,"Normal"
0.46,0.11,10,3.21,0.57,5,"Normal"
0.56,0.04,9.6,3.22,0.44,5,"Normal"
0.66,0,9.5,3.46,0.54,5,"Normal"
0.56,0.04,9.6,3.22,0.44,5,"Normal"
0.48,0.24,9.2,3.1,0.53,5,"Normal"
0.42,0.08,10,3.21,0.59,5,"Normal"
0.31,0.3,9.5,2.94,1.62,5,"Normal"
1.115,0.1,11.2,3.54,0.6,4,"Dolent"
0.66,0.17,10.4,3.29,0.55,5,"Normal"
0.72,0.09,11.1,3.43,0.72,6,"Normal"
0.57,0.02,9.5,3.46,0.68,5,"Normal"
0.57,0.02,9.5,3.46,0.68,5,"Normal"
0.865,0.03,12.7,3.61,0.49,6,"Normal"
0.55,0.66,9.6,3.17,0.67,5,"Normal"
0.875,0.13,11.5,3.44,0.52,5,"Normal"
0.835,0.03,9.6,3.39,0.47,5,"Normal"
0.45,0.34,9.5,3.55,0.6,5,"Normal"
0.56,0.2,9.3,3.48,0.62,5,"Normal"
0.965,0.1,9.5,3.26,0.5,5,"Normal"
0.965,0.1,9.5,3.26,0.5,5,"Normal"
0.59,0,9.3,3.5,0.65,6,"Normal"
0.46,0.23,9.2,3.1,0.56,5,"Normal"
0.69,0,9.3,3.35,0.6,5,"Normal"
0.76,0.29,11.5,3.45,0.68,6,"Normal"
0.53,0.24,9.5,3.21,0.57,5,"Normal"
0.615,0,9.2,3.46,0.65,5,"Normal"
0.41,0.58,10,3.13,0.53,5,"Normal"
0.39,0.54,9.5,3.13,0.51,5,"Normal"
0.51,0.18,9.5,3.52,0.73,6,"Normal"
0.34,0.38,9,3.3,0.47,6,"Normal"
0.33,0.4,9.4,3.3,0.48,5,"Normal"
0.5,0.18,9.6,3.52,0.72,6,"Normal"
0.51,0.18,9.5,3.52,0.73,6,"Normal"
0.65,0.1,9.5,3.29,0.55,5,"Normal"
0.65,0.1,9.5,3.29,0.55,5,"Normal"
0.54,0.13,9.4,3.39,0.61,5,"Normal"
0.65,0.1,9.5,3.29,0.55,5,"Normal"
0.48,0.68,9.1,3.09,1.06,6,"Normal"
0.91,0.07,10.7,3.51,0.43,6,"Normal"
0.98,0.01,11.2,3.6,0.46,6,"Normal"
0.87,0,9.8,3.25,0.5,5,"Normal"
0.87,0,9.8,3.25,0.5,5,"Normal"
0.42,0.21,9.2,3.19,0.52,5,"Normal"
0.58,0.25,9.7,3.23,0.57,5,"Normal"
0.655,0.26,9.6,3.25,0.42,5,"Normal"
0.7,0,10,3.31,0.53,6,"Normal"
0.655,0.26,9.6,3.25,0.42,5,"Normal"
0.68,0.11,9.5,3.31,0.55,6,"Normal"
0.67,0.1,9.5,3.31,0.54,6,"Normal"
0.59,0.18,9.4,3.14,0.54,5,"Normal"
0.6,0.32,9.5,3.45,0.62,5,"Normal"
0.59,0.02,9.7,3.55,0.53,6,"Normal"
0.72,0.01,9.6,3.39,0.54,5,"Normal"
0.59,0.02,9.7,3.55,0.53,6,"Normal"
0.685,0.26,9.4,3.28,0.55,5,"Normal"
0.57,0.27,9.4,3.27,0.55,5,"Normal"
0.4,0.29,9.5,3.3,0.92,6,"Normal"
0.4,0.3,9.5,3.31,0.91,6,"Normal"
1,0,10,3.43,0.46,5,"Normal"
0.765,0.18,10.3,3.4,0.6,6,"Normal"
0.635,0.17,10.3,3.4,0.59,6,"Normal"
0.43,0.3,10.5,3.36,0.61,5,"Normal"
0.52,0.03,9.8,3.5,0.6,5,"Normal"
0.57,0,9.4,3.31,0.6,6,"Normal"
0.46,0.14,9.8,3.66,0.65,5,"Normal"
0.82,0.05,10,3.36,0.53,5,"Normal"
0.46,0.14,9.8,3.66,0.65,5,"Normal"
0.59,0.01,9.8,3.55,0.59,5,"Normal"
0.35,0.41,9.5,3.21,0.5,5,"Normal"
0.35,0.41,9.5,3.21,0.5,5,"Normal"
0.56,0.24,10.1,3.18,0.56,6,"Normal"
0.56,0.24,10.1,3.18,0.56,6,"Normal"
0.63,0.17,9.3,3.09,0.52,5,"Normal"
0.37,0.43,9.7,3.33,0.68,6,"Normal"
0.64,0.17,9.6,3.23,0.54,5,"Normal"
0.61,0.02,9.7,3.48,0.6,6,"Normal"
0.6,0,10.8,3.38,0.56,5,"Normal"
0.27,0.54,12.5,3.17,0.53,6,"Normal"
0.89,0.3,10.2,2.99,1.18,5,"Normal"
0.46,0.31,9.6,3.1,0.74,5,"Normal"
0.37,0.44,10.8,3.24,0.81,7,"Bo"
0.5,0.34,10.7,3.29,0.52,6,"Normal"
0.5,0.34,10.7,3.29,0.52,6,"Normal"
0.61,0.08,9.4,3.25,0.51,5,"Normal"
0.55,0.09,10,3.23,0.44,5,"Normal"
0.585,0,12.9,3.56,0.94,7,"Bo"
0.56,0.08,9.6,3.24,0.66,6,"Normal"
0.52,0.22,9.9,3.26,0.57,6,"Normal"
0.28,0.4,12.8,3.33,0.7,7,"Bo"
0.25,0.39,12.5,3.27,0.71,7,"Bo"
0.28,0.4,12.8,3.33,0.7,7,"Bo"
0.53,0.12,9.2,3.26,0.86,5,"Normal"
0.48,0.31,10.3,3.22,0.55,6,"Normal"
0.49,0.1,10.5,3.3,0.47,5,"Normal"
0.5,0.55,10.9,3.09,0.68,6,"Normal"
0.45,0.33,10.8,3.24,0.71,5,"Normal"
0.39,0.24,11.4,3.44,0.58,4,"Dolent"
0.41,0.54,11.3,3.21,0.76,6,"Normal"
0.45,0.33,10.8,3.24,0.71,5,"Normal"
0.51,0.19,10.5,3.23,0.58,6,"Normal"
0.29,0.42,11.9,3.28,0.73,6,"Normal"
0.715,0,9.4,3.29,0.45,5,"Normal"
0.66,0.15,9.6,3.28,0.54,5,"Normal"
0.685,0,9.7,3.34,0.6,5,"Normal"
0.42,0,14,3.71,0.74,7,"Bo"
0.54,0.13,9.8,3.61,0.64,5,"Normal"
0.54,0.13,9.8,3.61,0.64,5,"Normal"
0.48,0.28,10.3,3.24,0.53,5,"Normal"
0.46,0.14,10.7,3.36,0.49,5,"Normal"
0.27,0.34,11,3.4,0.64,7,"Bo"
0.46,0.14,10.7,3.36,0.49,5,"Normal"
0.57,0.09,12.7,3.46,0.74,8,"Bo"
0.61,0.08,11.1,3.56,0.77,6,"Normal"
0.685,0.07,10.9,3.38,0.55,4,"Dolent"
0.61,0.08,11.1,3.56,0.77,6,"Normal"
0.44,0.42,9.9,3.38,0.86,3,"Dolent"
0.47,0.44,9.9,3.38,0.86,4,"Dolent"
0.685,0.26,9.4,3.32,0.47,5,"Normal"
0.665,0.1,9.3,3.39,0.51,5,"Normal"
0.28,0.28,11.7,3.26,0.39,7,"Bo"
0.28,0.28,11.7,3.26,0.39,7,"Bo"
0.31,0.35,11.2,3.24,0.83,7,"Bo"
0.5,0.04,10,3.46,0.47,5,"Normal"
0.42,0.47,12.1,3.24,0.77,7,"Bo"
0.66,0,10.3,3.45,0.63,5,"Normal"
0.5,0.45,10.9,3.23,0.72,6,"Normal"
0.685,0.35,9.4,3.28,0.62,5,"Normal"
0.25,0.46,10.6,3.18,0.83,6,"Normal"
0.64,0.21,9.8,3.59,0.66,5,"Normal"
0.64,0.21,9.8,3.59,0.66,5,"Normal"
0.68,0.16,9.9,3.5,0.7,6,"Normal"
0.64,0.21,9.8,3.59,0.66,5,"Normal"
0.63,0.21,9.8,3.58,0.66,5,"Normal"
0.43,0.44,9.5,3.28,0.55,5,"Normal"
0.43,0.44,9.5,3.28,0.55,5,"Normal"
0.42,0.32,9.7,3.22,1.07,5,"Normal"
0.36,0.39,10.9,3.47,0.73,6,"Normal"
0.36,0.39,10.9,3.47,0.73,6,"Normal"
0.735,0.02,11.7,3.51,0.71,7,"Bo"
0.36,0.39,10.9,3.47,0.73,6,"Normal"
0.26,0.34,11.3,3.4,0.78,7,"Bo"
0.28,0.47,10.6,3.15,0.67,7,"Bo"
0.56,0.22,11.2,3.4,0.82,6,"Normal"
0.62,0.06,9.5,3.51,0.54,5,"Normal"
1.01,0.66,11.5,3.66,0.6,6,"Normal"
0.42,0.32,10.4,3.24,0.44,5,"Normal"
0.62,0.06,9.7,3.51,0.53,5,"Normal"
0.62,0.06,9.5,3.51,0.54,5,"Normal"
0.635,0.07,9.7,3.51,0.54,5,"Normal"
0.49,0.22,11.3,3.41,0.83,6,"Normal"
0.51,0.23,11.2,3.4,0.84,6,"Normal"
0.56,0.22,11.2,3.4,0.82,6,"Normal"
0.63,0.03,10.9,3.44,0.64,6,"Normal"
0.715,0.01,11.8,3.41,0.57,6,"Normal"
0.56,0.03,10.6,3.53,0.57,5,"Normal"
0.35,0.24,10,3.43,0.54,4,"Dolent"
0.21,0.37,11.1,3.23,0.58,7,"Bo"
0.38,0.46,11.8,3.12,0.65,7,"Bo"
0.31,0.4,11.8,3.31,0.79,7,"Bo"
0.47,0,10.9,3.4,0.58,4,"Dolent"
0.715,0.01,11.8,3.41,0.57,6,"Normal"
0.61,0.19,10,3.22,0.5,6,"Normal"
0.6,0.04,9.5,3.53,0.55,5,"Normal"
0.56,0.18,9.9,3.15,0.49,5,"Normal"
0.715,0,11.4,3.48,0.65,6,"Normal"
0.31,0.29,12,3.22,0.78,6,"Normal"
0.6,0.04,9.5,3.53,0.55,5,"Normal"
0.61,0.19,10,3.22,0.5,6,"Normal"
0.75,0.14,10.5,3.34,0.64,5,"Normal"
0.8,0.12,10.4,3.33,0.65,6,"Normal"
0.52,0.38,12.1,3.15,0.79,7,"Bo"
0.57,0,11.2,3.43,0.56,6,"Normal"
0.9,0.34,9.3,3.22,0.68,5,"Normal"
0.34,0.24,10.1,3.44,0.58,5,"Normal"
0.66,0.03,9.7,3.53,0.57,5,"Normal"
0.45,0.23,9.3,3.22,0.65,6,"Normal"
0.66,0.03,9.7,3.53,0.57,5,"Normal"
0.63,0.03,9.8,3.53,0.58,6,"Normal"
0.59,0.01,10.7,3.42,0.58,6,"Normal"
0.31,0.39,12.5,3.31,0.77,7,"Bo"
0.59,0.01,10.7,3.42,0.58,6,"Normal"
0.31,0.39,12.5,3.31,0.77,7,"Bo"
1.02,0.02,11,3.48,0.49,3,"Dolent"
0.31,0.36,11.8,3.4,0.69,5,"Normal"
0.635,0.1,10.8,3.58,0.69,7,"Bo"
0.635,0.1,10.8,3.58,0.69,7,"Bo"
0.59,0.06,10.8,3.41,0.59,7,"Bo"
0.59,0.06,10.8,3.41,0.59,7,"Bo"
0.58,0.2,9.5,3.23,0.59,5,"Normal"
0.54,0.27,11,3.39,0.71,5,"Normal"
0.56,0,11.5,3.59,0.54,6,"Normal"
0.52,0.13,10.8,3.43,0.59,6,"Normal"
0.305,0.39,11.5,3.29,0.52,6,"Normal"
0.38,0.48,13.2,3.23,0.57,6,"Normal"
0.28,0.46,10.9,3.18,0.6,6,"Normal"
0.46,0.44,12.2,3.33,0.62,6,"Normal"
0.395,0.46,12.2,3.27,0.64,7,"Bo"
0.305,0.39,11.5,3.29,0.52,6,"Normal"
0.315,0.4,11.9,3.27,0.67,6,"Normal"
0.715,0.19,11,3.62,0.61,5,"Normal"
0.41,0.31,10.1,3.38,0.64,6,"Normal"
0.36,0.32,11,3.3,0.72,6,"Normal"
0.62,0.12,11.8,3.38,0.89,6,"Normal"
0.41,0.37,10.5,3.24,0.56,5,"Normal"
0.36,0.32,11,3.3,0.72,6,"Normal"
0.62,0.12,11.8,3.38,0.89,6,"Normal"
0.41,0.31,10.1,3.38,0.64,6,"Normal"
0.47,0.27,11.2,3.18,0.8,5,"Normal"
0.22,0.36,11,3.47,0.87,7,"Bo"
0.24,0.33,10.2,3.47,0.9,6,"Normal"
0.67,0.19,9.2,3.2,0.59,4,"Dolent"
0.47,0.27,11.2,3.18,0.8,5,"Normal"
0.33,0.38,12,3.3,0.73,7,"Bo"
0.61,0.01,10.5,3.69,0.73,5,"Normal"
0.61,0.01,9.8,3.48,0.65,5,"Normal"
0.4,0.29,9.5,3.45,0.59,6,"Normal"
0.61,0.01,9.8,3.48,0.65,5,"Normal"
0.61,0.01,10.5,3.69,0.73,5,"Normal"
0.3,0.38,11.8,3.39,0.72,6,"Normal"
0.3,0.38,11.8,3.39,0.72,6,"Normal"
0.63,0.5,10.4,3.07,0.6,4,"Dolent"
0.38,0.38,12.9,3.34,0.72,7,"Bo"
0.46,0.17,11.4,3.61,0.54,5,"Normal"
0.33,0.52,12.4,3.36,0.76,7,"Bo"
0.27,0.49,12.5,3.19,0.52,7,"Bo"
0.43,0.4,10,3.22,0.64,7,"Bo"
0.5,0.34,9.7,3.24,0.6,7,"Bo"
0.3,0.49,12.1,3.27,0.64,7,"Bo"
0.44,0.42,11.1,3.14,0.79,7,"Bo"
0.44,0.58,12,3.29,0.99,7,"Bo"
0.28,0.48,12.4,3.26,0.62,7,"Bo"
0.12,0.45,11.9,3.41,0.76,7,"Bo"
0.12,0.45,11.9,3.41,0.76,7,"Bo"
0.12,0.45,11.9,3.41,0.76,7,"Bo"
0.28,0.48,12.4,3.26,0.62,7,"Bo"
0.31,0.4,11.2,3.31,0.68,7,"Bo"
0.34,0.48,12.1,3.2,0.69,7,"Bo"
0.43,0.4,12.2,3.44,0.54,6,"Normal"
0.21,0.52,10.4,3.36,0.67,5,"Normal"
0.36,0.52,11.3,3.31,0.62,6,"Normal"
0.37,0.52,11.1,3.29,0.58,6,"Normal"
0.57,0.12,11.3,3.47,0.71,7,"Bo"
0.59,0.05,10,3.36,0.61,5,"Normal"
0.47,0.27,11.1,3.16,0.85,6,"Normal"
0.56,0.14,9.3,3.27,0.62,5,"Normal"
0.57,0.02,9.5,3.38,0.69,5,"Normal"
0.27,0.39,11.2,3.15,0.69,6,"Normal"
0.47,0.27,11.1,3.16,0.85,6,"Normal"
0.34,0.4,11,3.34,0.86,6,"Normal"
0.38,0.41,11.9,3.13,0.58,7,"Bo"
0.66,0.2,9.2,3.13,0.48,5,"Normal"
0.4,0.43,12.2,3.2,0.6,6,"Normal"
0.56,0.09,10.2,3.46,0.61,5,"Normal"
0.26,0.48,10.9,3.33,0.87,6,"Normal"
0.26,0.48,10.9,3.33,0.87,6,"Normal"
0.38,0.5,11.6,3.22,0.65,7,"Bo"
0.34,0.44,10.7,3.52,0.63,5,"Normal"
0.33,0.41,12.1,3.3,0.62,7,"Bo"
0.41,0.3,9.4,3.44,0.52,5,"Normal"
0.41,0.3,9.4,3.44,0.52,5,"Normal"
0.59,0.29,9.1,3.15,0.5,5,"Normal"
0.4,0.32,11.3,3.28,0.49,7,"Bo"
0.45,0.49,10.4,3.13,0.63,5,"Normal"
0.5,0.3,10.5,3.32,0.71,6,"Normal"
0.86,0.26,10,3.25,0.62,5,"Normal"
0.52,0.32,12.9,3.34,0.82,6,"Normal"
0.5,0.3,10.5,3.32,0.71,6,"Normal"
0.45,0.49,10.4,3.13,0.63,5,"Normal"
0.58,0,11.3,3.45,0.58,6,"Normal"
0.34,0.39,11.4,3.19,0.55,7,"Bo"
0.36,0.3,9.4,3.44,0.5,5,"Normal"
0.39,0.12,9.4,3.16,0.49,5,"Normal"
0.295,0.4,10.9,3.14,0.51,6,"Normal"
0.39,0.12,9.4,3.16,0.49,5,"Normal"
0.34,0.28,9.4,3.45,0.48,5,"Normal"
0.4,0.1,9.4,3.36,0.48,6,"Normal"
0.34,0.28,9.4,3.45,0.48,5,"Normal"
0.35,0.45,9.4,3.15,0.43,5,"Normal"
0.6,0.06,10.1,3.39,0.62,6,"Normal"
0.66,0,12.8,3.71,0.63,7,"Bo"
0.66,0,12.8,3.71,0.63,7,"Bo"
0.84,0.34,9.1,3.12,0.48,6,"Normal"
0.69,0,12.9,3.47,0.53,6,"Normal"
0.43,0.3,11.5,3.44,0.72,7,"Bo"
0.35,0.38,10.6,3.26,0.82,7,"Bo"
0.29,0.33,11.7,3.26,0.84,7,"Bo"
0.36,0.32,12.8,3.36,0.55,7,"Bo"
0.43,0.29,10.3,3.25,0.54,5,"Normal"
0.36,0.32,12.8,3.36,0.55,7,"Bo"
0.29,0.33,11.7,3.26,0.84,7,"Bo"
0.3,0.34,11.7,3.26,0.84,7,"Bo"
0.35,0.4,12,3.23,0.7,7,"Bo"
0.5,0.36,10.9,3.18,0.68,5,"Normal"
0.28,0.45,12.3,3.25,0.55,7,"Bo"
0.32,0.31,10.4,3.17,0.55,6,"Normal"
1.005,0.15,10,3.23,0.48,5,"Normal"
0.71,0,10,3.38,0.58,6,"Normal"
0.58,0.16,11.2,3.22,0.58,6,"Normal"
0.39,0.46,11.4,3.06,0.84,6,"Normal"
0.38,0.4,12.6,3.27,0.75,7,"Bo"
0.18,0.37,12.7,2.89,0.44,6,"Normal"
0.18,0.37,12.7,2.89,0.44,6,"Normal"
0.5,0.14,10.4,3.53,0.61,5,"Normal"
0.36,0.66,11.9,3.2,0.53,6,"Normal"
0.36,0.66,11.9,3.2,0.53,6,"Normal"
0.51,0.09,10.5,3.35,0.54,5,"Normal"
0.32,0.42,12.3,3.27,0.55,6,"Normal"
0.58,0.01,10.5,3.32,0.56,7,"Bo"
0.83,0,10.4,3.33,0.6,6,"Normal"
0.31,0.32,12.6,3.41,0.56,6,"Normal"
0.795,0,11.6,3.49,0.52,5,"Normal"
0.34,0.21,10.1,3.37,0.54,6,"Normal"
0.58,0.01,10.5,3.32,0.56,7,"Bo"
0.59,0,11.5,3.42,0.55,7,"Bo"
0.55,0.01,11,3.35,0.58,7,"Bo"
0.82,0,9.6,3.36,0.53,5,"Normal"
0.57,0.08,10.4,3.3,0.59,6,"Normal"
0.745,0.18,9.7,3.2,0.47,6,"Normal"
0.37,0.34,10.6,3.17,0.65,7,"Bo"
0.31,0.34,12.5,3.22,0.59,7,"Bo"
0.91,0.1,9.2,3.35,0.56,5,"Normal"
0.41,0.41,12.6,3.24,0.77,7,"Bo"
0.5,0.21,11.1,3.33,0.83,6,"Normal"
0.965,0,10.2,3.58,0.67,5,"Normal"
0.49,0.19,9.8,3.38,0.64,6,"Normal"
0.5,0.21,11.1,3.33,0.83,6,"Normal"
0.39,0.41,10.9,3.29,0.81,7,"Bo"
0.39,0.33,12.2,3.36,0.62,6,"Normal"
0.44,0,11.4,3.32,0.58,6,"Normal"
0.78,0,10.7,3.31,0.62,6,"Normal"
0.43,0.17,10.4,3.49,0.64,5,"Normal"
0.49,0.36,10.9,3.27,0.78,6,"Normal"
0.5,0.36,10.8,3.27,0.77,6,"Normal"
0.43,0.17,10.4,3.49,0.64,5,"Normal"
0.46,0.59,9.2,3.03,1.34,5,"Normal"
0.605,0.05,12.9,3.56,0.55,5,"Normal"
0.33,0.42,12.7,3.38,0.77,7,"Bo"
0.64,0.27,9.1,3.13,0.62,6,"Normal"
0.64,0.27,9.1,3.13,0.62,6,"Normal"
0.48,0.53,12.1,3.21,0.59,7,"Bo"
0.42,0.25,9.1,3.15,0.57,5,"Normal"
0.53,0.57,11.6,3.19,0.76,7,"Bo"
0.48,0.53,12.1,3.21,0.59,7,"Bo"
0.23,0.57,9.9,3.14,0.7,6,"Normal"
0.4,0.5,12.5,3.21,0.69,8,"Bo"
0.38,0.44,11.4,3.3,0.64,6,"Normal"
0.29,0.65,11.8,3.22,0.63,6,"Normal"
0.74,0.09,11.8,3.28,0.57,6,"Normal"
0.61,0.18,10.2,3.29,0.6,6,"Normal"
0.52,0.08,12.5,3.4,0.72,7,"Bo"
0.31,0.53,10.9,3.02,0.83,7,"Bo"
0.31,0.53,10.9,3.02,0.83,7,"Bo"
0.62,0.35,10.8,3.31,0.62,5,"Normal"
0.33,0.45,11.1,3.18,0.89,7,"Bo"
0.77,0.2,9.2,3.2,0.58,5,"Normal"
0.35,0.26,9.5,3.4,0.58,6,"Normal"
0.62,0.33,10.7,3.31,0.58,6,"Normal"
0.77,0.2,9.2,3.2,0.58,5,"Normal"
0.25,0.34,10.2,3.44,0.86,7,"Bo"
0.32,0.56,11.4,3.15,0.73,6,"Normal"
0.37,0.65,11,3.27,0.58,5,"Normal"
0.37,0.65,11,3.27,0.58,5,"Normal"
0.3,0.68,12.3,3.01,0.51,7,"Bo"
0.27,0.56,11.8,3.16,0.51,6,"Normal"
0.3,0.68,12.3,3.01,0.51,7,"Bo"
0.38,0.3,9.5,3.42,0.59,6,"Normal"
0.42,0.45,12,3.33,0.77,6,"Normal"
0.38,0.3,9.5,3.42,0.59,6,"Normal"
0.48,0.08,9.6,3.12,0.49,5,"Normal"
0.34,0.4,11.6,3.38,0.66,7,"Bo"
0.19,0.42,11.2,3.29,0.69,6,"Normal"
0.41,0.54,9.9,3.02,0.76,7,"Bo"
0.41,0.54,9.9,3.02,0.76,7,"Bo"
0.26,0.54,11.8,2.98,0.63,8,"Bo"
0.34,0.42,11.4,3.35,0.6,6,"Normal"
0.54,0.09,11.5,3.43,0.59,6,"Normal"
0.31,0.36,12,3.33,0.86,7,"Bo"
0.725,0.09,10.8,3.35,0.49,6,"Normal"
0.4,0.47,10.5,3.15,0.5,5,"Normal"
0.725,0.09,10.8,3.35,0.49,6,"Normal"
0.52,0.38,9.4,3.2,0.52,5,"Normal"
0.31,0.45,12.5,3.15,0.81,7,"Bo"
0.52,0.38,9.4,3.2,0.52,5,"Normal"
0.34,0.42,12.4,3.11,0.78,6,"Normal"
0.49,0.27,12,3.35,0.63,6,"Normal"
0.48,0.09,11.2,3.45,0.54,6,"Normal"
0.49,0.27,12,3.35,0.63,6,"Normal"
0.48,0.34,12.4,3.28,0.66,6,"Normal"
0.57,0.28,12.8,3.41,0.6,5,"Normal"
0.23,0.42,12.3,3.21,0.54,6,"Normal"
0.3,0.41,11.7,3.27,0.85,7,"Bo"
0.78,0.1,9.5,3.36,0.49,5,"Normal"
0.47,0.43,10.8,3.17,0.76,6,"Normal"
0.53,0,10,3.25,0.64,6,"Normal"
0.42,0.27,12.3,3.78,0.64,7,"Bo"
0.33,0.41,11,3.29,0.71,6,"Normal"
0.24,0.39,9.5,3.12,0.59,6,"Normal"
0.4,0.5,13.6,3.49,0.66,6,"Normal"
0.69,0.07,11.3,3.38,0.6,6,"Normal"
0.69,0.07,11.3,3.38,0.6,6,"Normal"
0.69,0.07,11.3,3.38,0.6,6,"Normal"
0.39,0.12,13.3,3.3,0.53,6,"Normal"
0.66,0,12.9,3.52,0.58,5,"Normal"
0.54,0.34,13.1,3.2,0.72,8,"Bo"
0.5,0,12.3,3.44,0.55,6,"Normal"
0.47,0,12.3,3.45,0.48,6,"Normal"
0.4,0.37,11.2,3.12,0.65,6,"Normal"
0.58,0,11.5,3.62,0.62,4,"Dolent"
0.24,0.35,11.3,3.14,0.59,7,"Bo"
0.29,0.26,13.5,3.39,0.54,6,"Normal"
0.76,0,11.5,3.51,0.6,6,"Normal"
0.43,0.33,10,3.22,0.68,5,"Normal"
0.43,0.35,10.5,3.21,0.69,6,"Normal"
0.6,0,10.4,3.18,0.63,6,"Normal"
0.19,0.21,9.5,3.32,0.44,5,"Normal"
0.36,0.34,13.6,3.38,0.88,7,"Bo"
0.48,0.07,11.2,3.37,0.68,7,"Bo"
0.28,0.35,11.8,3.3,0.74,7,"Bo"
0.25,0.43,11.9,3.38,0.6,6,"Normal"
0.52,0.45,11.4,3.22,0.76,6,"Normal"
0.52,0.45,11.4,3.22,0.76,6,"Normal"
0.41,0.15,9.1,3.14,0.58,5,"Normal"
0.51,0.24,9.5,3.34,0.64,6,"Normal"
0.4,0.3,9.5,3.41,0.65,6,"Normal"
0.38,0.32,11,3.27,0.85,6,"Normal"
0.45,0.11,11.4,3.3,0.65,6,"Normal"
0.22,0.3,10,3.61,0.82,6,"Normal"
0.32,0.23,10.1,3.43,0.62,5,"Normal"
0.2,0.43,10.4,3.53,0.81,6,"Normal"
0.5,0.12,9.8,3.28,0.87,6,"Normal"
0.41,0.45,11.8,3.21,0.49,7,"Bo"
0.39,0.42,11.6,3.39,0.66,6,"Normal"
0.35,0.47,12,3.23,0.52,6,"Normal"
0.33,0.32,12.8,3.3,0.76,7,"Bo"
0.58,0.23,12.5,3.46,0.65,6,"Normal"
0.6,0.25,9.8,3.15,0.53,5,"Normal"
0.42,0.35,11.1,3.23,0.66,6,"Normal"
0.58,0,11.4,3.59,0.68,6,"Normal"
0.6,0.25,9.8,3.15,0.53,5,"Normal"
0.18,0.51,11.8,3.33,0.76,7,"Bo"
0.51,0.18,12.9,3.46,0.87,7,"Bo"
0.41,0.43,10.6,3.42,1.16,6,"Normal"
0.41,0.43,10.8,3.16,0.67,5,"Normal"
0.36,0.57,11.1,3.14,0.72,7,"Bo"
0.45,0.43,10.2,3.21,0.75,6,"Normal"
0.32,0.42,11.8,3.14,0.71,7,"Bo"
0.785,0.24,10,3.29,0.67,5,"Normal"
0.785,0.24,10,3.29,0.67,5,"Normal"
0.44,0.5,9.4,3.01,1.1,5,"Normal"
0.54,0.26,10.2,2.94,0.98,5,"Normal"
0.33,0.39,12.4,3.32,0.88,7,"Bo"
0.34,0.27,12,3.21,0.56,6,"Normal"
0.5,0.29,11.5,3.32,0.62,6,"Normal"
0.36,0.34,10.5,3.2,0.67,6,"Normal"
0.59,0,10.8,3.42,0.68,6,"Normal"
0.42,0.46,12.3,3.27,0.74,6,"Normal"
0.36,0.31,9.5,3.46,0.62,6,"Normal"
0.36,0.31,9.5,3.46,0.62,6,"Normal"
0.61,0,11.5,3.61,0.7,6,"Normal"
0.88,0.03,11.2,3.58,0.5,4,"Dolent"
0.66,0,12.7,3.35,0.66,7,"Bo"
0.915,0,11.4,3.68,0.73,5,"Normal"
0.35,0.33,11,3.27,0.81,6,"Normal"
0.35,0.33,11,3.27,0.81,6,"Normal"
0.39,0.43,11.4,3.19,0.46,5,"Normal"
0.4,0.4,10.5,3.38,0.86,6,"Normal"
0.66,0.07,9.3,3.29,0.6,5,"Normal"
0.64,0.23,10.9,3.36,0.7,5,"Normal"
0.43,0.3,11.9,3.33,0.46,6,"Normal"
0.8,0.03,12.2,3.52,0.5,5,"Normal"
0.43,0.3,11.9,3.33,0.46,6,"Normal"
0.64,0.23,10.9,3.36,0.7,5,"Normal"
0.955,0.05,9.6,3.3,0.44,4,"Dolent"
0.4,0.57,12.5,3.28,0.57,6,"Normal"
0.885,0,10.8,3.56,0.51,5,"Normal"
0.25,0.37,12.4,3.52,0.8,7,"Bo"
0.885,0,10.8,3.56,0.51,5,"Normal"
0.745,0.12,9.5,3.22,0.59,6,"Normal"
0.43,0.22,9.5,3.52,0.6,6,"Normal"
0.58,0.23,9.5,3.21,0.58,6,"Normal"
0.57,0.21,9.8,3.16,0.54,6,"Normal"
0.26,0.26,10.9,3.15,0.79,6,"Normal"
0.58,0.23,9.5,3.21,0.58,6,"Normal"
0.57,0.21,9.8,3.16,0.54,6,"Normal"
0.34,0.36,11.2,3.27,0.54,7,"Bo"
0.42,0.39,11.7,3.35,0.69,8,"Bo"
0.74,0.19,9.4,3.14,0.55,5,"Normal"
0.36,0.46,11,3.4,0.85,7,"Bo"
0.36,0.46,11,3.4,0.85,7,"Bo"
0.36,0.46,11,3.4,0.85,7,"Bo"
0.72,0.55,10,3.35,0.94,5,"Normal"
0.36,0.46,11,3.4,0.85,7,"Bo"
0.39,0.43,11.2,3.45,0.87,7,"Bo"
0.65,0.02,10.4,3.35,0.62,6,"Normal"
0.44,0.15,9.3,3.32,0.62,5,"Normal"
0.65,0.02,10.4,3.35,0.62,6,"Normal"
0.38,0.42,10.5,3.15,0.75,6,"Normal"
0.33,0.46,10.4,3.1,0.48,6,"Normal"
0.27,0.46,11.3,3.26,0.56,6,"Normal"
0.57,0.31,9.5,3.29,0.69,6,"Normal"
0.34,0.37,12,3.23,0.81,6,"Normal"
0.4,0.31,10.6,3.24,0.69,6,"Normal"
0.39,0.4,10.9,3.2,0.83,6,"Normal"
0.32,0.52,11.5,3.28,0.77,6,"Normal"
0.32,0.52,11.5,3.28,0.77,6,"Normal"
0.53,0.22,9.6,3.26,0.46,6,"Normal"
0.36,0.47,12,3.23,0.76,6,"Normal"
0.39,0.49,10.3,3.07,0.82,6,"Normal"
0.46,0.23,9.4,3.15,0.51,5,"Normal"
0.58,0.03,9.2,3.02,0.47,5,"Normal"
0.58,0.25,9.6,3.27,0.72,5,"Normal"
0.42,0,13.6,3.68,0.73,7,"Bo"
0.43,0.29,9.5,3.4,0.64,5,"Normal"
0.18,0.34,11.8,3.37,0.78,6,"Normal"
0.815,0.01,10.8,3.38,0.62,5,"Normal"
0.43,0.29,9.5,3.4,0.64,5,"Normal"
0.23,0.37,9.3,3.23,0.49,4,"Dolent"
0.75,0.01,12.8,3.39,0.4,6,"Normal"
0.33,0.32,11.5,3.3,0.56,4,"Dolent"
0.55,0,9.4,3.26,0.64,6,"Normal"
0.75,0.01,12.8,3.39,0.4,6,"Normal"
0.73,0,9.6,3.38,0.46,4,"Dolent"
0.67,0,11.8,3.45,0.56,4,"Dolent"
0.61,0.2,9.3,3.1,0.4,5,"Normal"
0.37,0.39,9.8,3.16,0.59,5,"Normal"
0.4,0.41,12.2,3.22,0.6,6,"Normal"
0.56,0.22,9.5,3.37,0.62,5,"Normal"
0.29,0.25,10.3,3.33,0.54,6,"Normal"
0.55,0.19,10.5,3.49,0.68,5,"Normal"
0.74,0.07,10,3.12,0.48,5,"Normal"
0.55,0.19,10.5,3.49,0.68,5,"Normal"
0.41,0.33,11.1,3.41,0.75,6,"Normal"
0.6,0.01,10.9,3.4,0.61,6,"Normal"
0.6,0.01,10.9,3.4,0.61,6,"Normal"
0.58,0.14,9.8,3.28,0.59,5,"Normal"
0.72,0,9.8,3.45,0.58,5,"Normal"
0.66,0,9.5,3.43,0.58,5,"Normal"
0.7,0.06,10.9,3.4,0.69,5,"Normal"
0.64,0.02,11,3.47,0.45,5,"Normal"
0.59,0.22,9.2,3.1,0.42,5,"Normal"
0.58,0.28,11,3.32,0.7,6,"Normal"
0.64,0,11.3,3.44,0.63,6,"Normal"
0.64,0,11.3,3.44,0.63,6,"Normal"
0.635,0.68,9.3,3.02,1.15,5,"Normal"
1.02,0,11.2,3.59,0.55,4,"Dolent"
0.45,0.38,9.8,3.15,0.58,5,"Normal"
0.78,0,9.6,3.37,0.46,4,"Dolent"
0.37,0.32,11.8,3.38,0.72,6,"Normal"
0.57,0.05,10.3,3.38,0.6,6,"Normal"
0.57,0.05,10.3,3.38,0.6,6,"Normal"
0.43,0.5,11.4,3.1,0.87,6,"Normal"
0.41,0.31,9.5,3.47,0.55,6,"Normal"
0.49,0.03,14,3.5,0.82,8,"Bo"
0.38,0.01,14,3.7,0.75,6,"Normal"
0.44,0.2,11.7,3.38,0.57,6,"Normal"
0.46,0,11.2,3.5,0.53,5,"Normal"
0.58,0.2,9.3,3.1,0.43,5,"Normal"
0.58,0.13,11.2,3.24,0.53,6,"Normal"
0.715,0.22,9.5,3.24,0.54,6,"Normal"
0.4,0.4,12,3.28,0.56,4,"Dolent"
0.69,0,9.7,3.35,0.6,6,"Normal"
0.715,0.22,9.5,3.24,0.54,6,"Normal"
0.3,0.39,11.5,3.14,0.57,7,"Bo"
0.46,0.2,10.4,3.37,0.64,6,"Normal"
0.46,0.2,10.4,3.37,0.64,6,"Normal"
0.765,0,10.9,3.33,0.68,6,"Normal"
0.63,0.28,10.2,3.26,0.63,6,"Normal"
0.42,0.19,10.9,3.39,0.56,5,"Normal"
0.37,0.5,10.5,3.15,0.57,5,"Normal"
0.16,0.44,12.4,3.35,0.54,6,"Normal"
0.6,0.08,13,3.22,0.37,5,"Normal"
0.6,0.3,10.2,3.3,1.17,5,"Normal"
0.6,0.3,10.2,3.3,1.17,5,"Normal"
0.74,0,11,3.36,0.59,5,"Normal"
0.635,0.1,10.9,3.29,0.75,6,"Normal"
0.395,0.13,12.4,3.62,0.67,6,"Normal"
0.755,0,9.7,3.34,0.49,4,"Dolent"
0.635,0.1,10.9,3.29,0.75,6,"Normal"
0.63,0,9.5,3.2,0.45,5,"Normal"
0.63,0,9.5,3.2,0.45,5,"Normal"
0.53,0.14,12.1,3.35,0.61,6,"Normal"
0.6,0,12.2,3.45,0.56,6,"Normal"
1.58,0,10.9,3.5,0.4,3,"Dolent"
0.645,0,12.5,3.78,0.61,6,"Normal"
0.86,0.07,11.7,3.6,0.74,6,"Normal"
0.37,0.32,11.2,3.3,0.8,6,"Normal"
0.28,0.44,11.2,3.36,0.66,5,"Normal"
0.79,0.21,9.2,3.12,0.44,5,"Normal"
0.61,0.26,9.8,3.3,0.53,5,"Normal"
0.69,0.32,10.1,3.29,0.62,5,"Normal"
0.68,0.09,11.1,3.41,0.52,4,"Dolent"
0.69,0.32,10.1,3.29,0.62,5,"Normal"
0.62,0.1,9.2,3.28,0.61,5,"Normal"
0.61,0.26,9.8,3.3,0.53,5,"Normal"
0.51,0.15,12.8,3.33,0.59,6,"Normal"
1.18,0.21,10.5,3.34,0.47,5,"Normal"
0.36,0.21,10.1,3.4,0.54,6,"Normal"
0.36,0.21,10.1,3.4,0.53,6,"Normal"
0.63,0.27,9.8,3.26,0.58,6,"Normal"
0.74,0,12.5,4.01,0.59,6,"Normal"
0.44,0.46,11.9,3.18,0.69,6,"Normal"
0.63,0.27,9.8,3.26,0.58,6,"Normal"
0.76,0.68,9.1,2.9,1.33,6,"Normal"
0.66,0.34,10.1,3.26,0.66,5,"Normal"
0.74,0,12.5,4.01,0.59,6,"Normal"
0.34,0.42,11.4,3.18,0.55,5,"Normal"
0.36,0.39,11,3.18,0.82,7,"Bo"
0.46,0.24,10.6,3.39,0.6,6,"Normal"
0.46,0.24,10.6,3.39,0.6,6,"Normal"
0.46,0.24,10.6,3.39,0.6,6,"Normal"
0.46,0.24,10.6,3.39,0.6,6,"Normal"
0.52,0.11,9.3,3.34,0.52,5,"Normal"
0.6,0.26,9.8,3.29,0.56,6,"Normal"
0.6,0.26,9.8,3.29,0.56,6,"Normal"
0.87,0.26,9.2,3.26,0.46,5,"Normal"
0.39,0.1,9.7,3.09,0.43,6,"Normal"
0.775,0.22,9.6,3.18,0.51,5,"Normal"
0.835,0,10,3.39,0.52,5,"Normal"
0.58,0.02,12.6,3.38,0.66,6,"Normal"
0.5,0,9.5,3.36,0.45,5,"Normal"
0.5,0,9.5,3.36,0.45,5,"Normal"
0.5,0,9.5,3.36,0.45,5,"Normal"
0.51,0.02,10.5,3.36,0.54,6,"Normal"
0.51,0.02,10.5,3.36,0.54,6,"Normal"
0.51,0.02,10.5,3.36,0.54,6,"Normal"
0.54,0.02,10.4,3.37,0.51,6,"Normal"
0.51,0.02,10.5,3.36,0.54,6,"Normal"
0.42,0.48,11,3.09,0.53,5,"Normal"
0.44,0.24,10.2,3.25,0.53,6,"Normal"
0.59,0.01,11.4,3.52,0.56,5,"Normal"
0.655,0.03,9.5,3.34,0.39,5,"Normal"
0.655,0.03,9.5,3.34,0.39,5,"Normal"
0.57,0,10.8,3.41,0.52,5,"Normal"
0.6,0.29,10,3.34,0.57,5,"Normal"
0.62,0.01,11.8,3.32,0.51,6,"Normal"
0.645,0.03,10.3,3.37,0.46,5,"Normal"
0.645,0.03,10.3,3.37,0.46,5,"Normal"
0.58,0.03,10,3.35,0.52,5,"Normal"
0.32,0.25,10.1,3.36,0.44,5,"Normal"
0.34,0.25,10.1,3.36,0.44,5,"Normal"
0.43,0.24,11.1,3.6,0.59,6,"Normal"
0.64,0.17,9.5,3.28,0.5,5,"Normal"
0.475,0.4,10.0333333333333,3.07,0.65,6,"Normal"
0.54,0.31,10.9,3.24,0.56,5,"Normal"
0.85,0.14,10.1,3.36,0.54,5,"Normal"
0.475,0.4,10.0333333333333,3.07,0.65,6,"Normal"
0.83,0.27,9.8,3.29,0.48,4,"Dolent"
0.605,0.02,11.8,3.46,0.53,6,"Normal"
0.5,0.09,9.5,3.18,0.62,5,"Normal"
0.74,0.08,9.8,3.24,0.5,5,"Normal"
0.54,0.3,10.5,3.25,1.18,6,"Normal"
0.77,0.32,9.8,3.27,0.5,6,"Normal"
0.61,0,10.4,3.33,0.37,4,"Dolent"
0.78,0.51,9.2,3,1.17,5,"Normal"
0.58,0.56,11.6,3.21,1.03,6,"Normal"
0.78,0.51,9.2,3,1.17,5,"Normal"
0.75,0.27,9.3,3.24,0.45,5,"Normal"
0.815,0,9.8,3.32,0.51,3,"Dolent"
0.56,0.26,9.9,3.26,0.52,5,"Normal"
0.885,0.2,10,3.11,0.46,5,"Normal"
0.49,0.26,12.2,3.71,0.62,6,"Normal"
0.45,0.15,9.9,3.29,0.51,6,"Normal"
0.57,0.02,10.8,3.36,0.62,6,"Normal"
0.57,0.02,10.8,3.36,0.62,6,"Normal"
0.83,0.09,9.6,3.38,0.45,5,"Normal"
0.6,0.22,9.9,3.3,0.49,5,"Normal"
0.6,0.22,9.9,3.3,0.49,5,"Normal"
0.755,0.15,9.5,3.19,0.5,5,"Normal"
0.81,0.25,9.2,3.19,0.42,5,"Normal"
0.64,0.07,9.6,3.3,0.58,5,"Normal"
0.64,0.07,9.6,3.3,0.58,5,"Normal"
0.64,0.31,10.3,3.35,0.68,5,"Normal"
0.48,0.02,9.7,3.1,0.53,5,"Normal"
0.49,0,12.5,3.58,0.59,6,"Normal"
0.64,0.22,11,3.37,0.58,5,"Normal"
0.62,0.06,9.8,3.17,0.48,5,"Normal"
0.52,0.25,10.2,3.3,0.48,5,"Normal"
0.57,0.14,9.2,3.32,0.48,5,"Normal"
0.685,0.1,9.55,3.31,0.65,6,"Normal"
0.675,0.1,9.55,3.31,0.65,5,"Normal"
0.59,0.26,9.9,3.28,0.52,5,"Normal"
0.6,0.12,10.2,3.52,0.62,7,"Bo"
0.67,0,11.1,3.42,0.72,6,"Normal"
0.69,0.21,9.9,3.25,0.51,5,"Normal"
0.69,0.21,9.9,3.25,0.51,5,"Normal"
0.3,0.42,11.9,3.44,0.82,6,"Normal"
0.33,0.33,10,3.23,1.1,8,"Bo"
0.5,0.39,10.7,3.43,0.62,6,"Normal"
0.28,0.3,11.3,3.28,0.9,7,"Bo"
0.24,0.34,10.9,3.22,0.94,6,"Normal"
0.51,0,10.7,3.54,0.93,6,"Normal"
0.29,0.36,12.4,3.27,1.01,7,"Bo"
0.51,0,10.7,3.54,0.93,6,"Normal"
0.96,0,11.9,3.5,0.44,6,"Normal"
0.47,0.4,10.6,3.56,0.73,6,"Normal"
0.24,0.34,10.9,3.22,0.94,6,"Normal"
0.57,0.25,10.1,3.04,0.9,5,"Normal"
0.32,0.59,9.6,3.2,0.78,5,"Normal"
0.58,0,9.4,3.56,0.84,5,"Normal"
0.32,0.59,9.6,3.2,0.78,5,"Normal"
0.34,0.33,12.1,3.35,0.77,7,"Bo"
0.53,0.01,9.8,3.16,0.46,5,"Normal"
0.64,0.21,9.9,3.27,0.45,5,"Normal"
0.53,0.01,9.8,3.16,0.46,5,"Normal"
0.4,0.18,9.4,3.34,0.58,5,"Normal"
0.54,0,11.4,3.39,0.84,6,"Normal"
0.53,0.09,11,3.5,0.67,4,"Dolent"
0.26,0.37,9.6,3.26,0.7,6,"Normal"
0.26,0.37,9.6,3.26,0.7,6,"Normal"
0.23,0.37,12.1,3.41,0.71,6,"Normal"
0.41,0.33,11.2,3.3,0.58,5,"Normal"
0.64,0,11,3.31,0.63,5,"Normal"
0.18,0.4,11.3,3.33,0.93,5,"Normal"
0.41,0.24,10.4,3.37,0.62,5,"Normal"
0.43,0.31,9.9,3.26,0.54,6,"Normal"
0.44,0,11.7,3.48,0.85,6,"Normal"
0.4,0.16,10.1,3.42,0.74,7,"Bo"
0.54,0.37,9,3.18,0.77,6,"Normal"
0.54,0.37,9,3.18,0.77,6,"Normal"
0.38,0.38,8.5,3.15,0.65,5,"Normal"
0.915,0.29,11.1,3.53,0.54,5,"Normal"
0.59,0,10.3,3.41,0.47,5,"Normal"
0.67,0.02,11.0666666666667,3.32,0.68,6,"Normal"
0.37,0.32,11.3,3.23,0.73,7,"Bo"
0.785,0.19,9.56666666666667,3.16,0.52,6,"Normal"
0.63,0.02,9.8,3.4,0.75,5,"Normal"
0.58,0.2,11.7,3.38,0.49,5,"Normal"
0.67,0.02,11.1,3.32,0.68,6,"Normal"
0.785,0.19,9.6,3.16,0.52,6,"Normal"
0.63,0.02,9.8,3.4,0.75,5,"Normal"
0.67,0,9.7,3.4,0.74,5,"Normal"
0.58,0.01,9.7,3.4,0.73,5,"Normal"
0.38,0.31,11.3,3.23,0.76,8,"Bo"
0.37,0.32,11.3,3.23,0.73,7,"Bo"
0.32,0.44,11,3.33,0.78,7,"Bo"
0.58,0.02,11.6,3.35,0.76,7,"Bo"
0.49,0.33,9,3.41,0.58,5,"Normal"
0.45,0.63,10.9,3.21,0.69,6,"Normal"
0.9,0,10.9,3.5,0.63,6,"Normal"
0.54,0.06,10.55,3.3,0.5,6,"Normal"
0.49,0.33,9,3.41,0.58,5,"Normal"
0.29,0.4,10.5,3.39,0.6,5,"Normal"
0.2,0.35,11.9,3.32,0.8,7,"Bo"
0.42,0.09,10.4,3.41,0.68,6,"Normal"
0.785,0,10,3.59,0.61,4,"Dolent"
0.64,0.03,10.4,3.36,0.58,6,"Normal"
0.63,0.01,10.8,3.34,0.53,6,"Normal"
0.59,0.1,9.7,3.41,0.67,5,"Normal"
0.59,0.1,9.7,3.41,0.67,5,"Normal"
0.48,0.32,10,3.3,0.65,7,"Bo"
1.04,0.08,11,3.52,0.57,4,"Dolent"
0.48,0.32,10,3.3,0.65,7,"Bo"
0.98,0.05,9.7,3.31,0.55,3,"Dolent"
0.69,0.11,9.7,2.88,0.47,5,"Normal"
0.7,0.08,12.6,3.43,0.52,5,"Normal"
0.35,0.6,11.1,3.38,0.79,6,"Normal"
0.6,0.08,11,3.38,0.54,5,"Normal"
0.5,0.5,8.8,3.16,0.75,5,"Normal"
0.47,0.11,13.5666666666667,3.54,0.88,7,"Bo"
0.5,0.5,8.8,3.16,0.75,5,"Normal"
0.47,0.11,13.6,3.54,0.88,7,"Bo"
0.875,0.05,10.2,3.4,0.52,3,"Dolent"
0.28,0.6,10.6,3.39,0.68,5,"Normal"
0.62,0.03,10.1,3.66,0.62,4,"Dolent"
0.28,0.6,10.6,3.39,0.68,5,"Normal"
0.58,0.54,10.3,3.33,0.57,4,"Dolent"
0.33,0.44,10.7,3.35,0.61,5,"Normal"
0.91,0.06,10.9,3.53,0.64,4,"Dolent"
0.655,0.16,9.7,3.37,0.55,5,"Normal"
0.68,0.21,10.3,3.38,0.6,5,"Normal"
0.64,0.05,10.6,3.52,0.78,5,"Normal"
0.54,0.04,11.4,3.72,0.58,5,"Normal"
0.57,0.1,10.8,3.44,0.76,6,"Normal"
0.22,0.49,12.4,3.39,0.56,6,"Normal"
0.54,0.04,11.4,3.72,0.58,5,"Normal"
0.65,0.06,11.95,3.57,0.54,5,"Normal"
0.54,0.26,9.7,3.26,0.59,5,"Normal"
0.31,0.09,10,3.42,0.7,7,"Bo"
0.43,0.02,10.6,3.35,0.81,6,"Normal"
0.54,0.26,9.7,3.26,0.59,5,"Normal"
0.74,0.03,11.5,3.45,0.63,6,"Normal"
0.895,0.04,10.8,3.53,0.58,6,"Normal"
0.74,0.03,11.5,3.45,0.63,6,"Normal"
0.725,0.04,9.6,3.26,0.53,5,"Normal"
0.82,0.29,9.4,3.16,0.53,5,"Normal"
0.585,0.18,9.8,3.31,0.54,5,"Normal"
0.44,0.39,11,3.51,0.69,6,"Normal"
0.38,0.57,11.4,3.36,0.55,6,"Normal"
0.76,0.02,9.95,3.55,0.63,3,"Dolent"
0.81,0.05,10.8,3.51,0.66,6,"Normal"
0.38,0.57,11.4,3.36,0.55,6,"Normal"
0.27,0.6,10.6,3.38,0.72,6,"Normal"
0.18,0.4,11.1,3.28,0.7,5,"Normal"
0.36,0.21,9.7,3.47,0.77,6,"Normal"
0.69,0.04,9.8,3.44,0.67,5,"Normal"
0.79,0.04,10.4,3.53,0.65,6,"Normal"
0.56,0.15,10.5,3.33,0.6,6,"Normal"
0.84,0.21,9.23333333333333,3.53,0.72,6,"Normal"
0.84,0.21,9.25,3.53,0.72,6,"Normal"
0.32,0.25,10.6,3.42,0.97,5,"Normal"
0.53,0.06,10.3,3.38,0.83,6,"Normal"
0.47,0.46,10.5,3.32,0.63,5,"Normal"
0.7,0.08,10.2,3.44,0.58,5,"Normal"
0.53,0.06,10.3,3.38,0.83,6,"Normal"
0.48,0.2,9.05,3.39,0.43,4,"Dolent"
0.32,0.25,10.6,3.42,0.97,5,"Normal"
0.48,0.25,10.4,3.34,0.6,5,"Normal"
0.42,0.19,10,3.39,0.78,6,"Normal"
0.48,0.08,9.7,3.33,0.64,5,"Normal"
0.47,0.08,9.6,3.3,0.65,6,"Normal"
0.53,0.07,10.8,3.29,0.66,6,"Normal"
0.29,0.49,10.1,3.31,0.67,6,"Normal"
0.69,0.08,10.2,3.42,0.6,6,"Normal"
0.44,0.09,11.3,3.42,0.69,6,"Normal"
0.705,0.1,10.2,3.6,0.66,5,"Normal"
0.53,0.13,9.9,3.21,0.68,6,"Normal"
0.39,0.3,9,3.39,0.61,5,"Normal"
0.56,0.14,11.7,3.42,0.62,7,"Bo"
0.55,0.13,9.7,3.36,0.59,6,"Normal"
0.53,0.08,10.3,3.6,0.68,6,"Normal"
0.58,0.08,10.2,3.5,0.64,6,"Normal"
0.64,0.09,12,3.57,0.63,5,"Normal"
0.39,0.32,9.9,3.46,0.78,5,"Normal"
0.52,0.08,11.6,3.56,0.63,6,"Normal"
0.25,0.29,10.9,3.4,0.76,7,"Bo"
0.855,0.02,10.75,3.3,0.56,6,"Normal"
0.44,0.42,10.4,3.25,0.57,6,"Normal"
0.37,0.43,11.2,3.17,0.81,7,"Bo"
0.63,0.33,10.1,3.36,0.64,6,"Normal"
0.57,0.02,10.2,3.36,0.61,5,"Normal"
0.6,0.1,12.1,3.55,0.51,5,"Normal"
0.4,0.5,10.4,3.1,0.58,5,"Normal"
0.36,0.3,11.4,3.24,0.7,8,"Bo"
0.68,0,9.5,3.45,0.53,5,"Normal"
0.67,0,9.4,3.44,0.54,5,"Normal"
0.68,0.01,11.3,3.51,0.66,6,"Normal"
0.735,0,9.4,3.41,0.6,5,"Normal"
0.855,0.02,11,3.54,0.6,6,"Normal"
0.56,0.17,10.55,3.44,0.68,7,"Bo"
0.88,0.04,9.9,3.53,0.56,5,"Normal"
0.855,0.02,11,3.54,0.6,6,"Normal"
0.63,0.33,9.5,3.22,0.56,5,"Normal"
0.6,0.26,9.9,3.21,0.52,5,"Normal"
0.6,0.26,9.9,3.21,0.52,5,"Normal"
0.6,0.26,9.9,3.21,0.52,5,"Normal"
0.695,0.13,10.1,3.29,0.54,5,"Normal"
0.695,0.13,10.1,3.29,0.54,5,"Normal"
0.695,0.13,10.1,3.29,0.54,5,"Normal"
0.67,0.02,10.9,3.39,0.82,6,"Normal"
0.16,0.64,11.2,3.34,0.71,6,"Normal"
0.695,0.13,10.1,3.29,0.54,5,"Normal"
0.56,0.13,9.2,3.34,0.59,5,"Normal"
0.51,0.14,11.5,3.48,0.57,6,"Normal"
0.36,0.53,12.4,3.37,0.93,6,"Normal"
0.38,0.14,11.1,3.44,0.65,6,"Normal"
0.69,0.32,9.5,3.33,0.51,5,"Normal"
0.58,0.2,12.5,3.58,0.67,6,"Normal"
0.31,0.78,10.5,3.39,0.48,6,"Normal"
0.52,0.4,11.8,3.26,0.64,6,"Normal"
0.3,0.63,10.8,3.3,0.78,6,"Normal"
0.7,0.15,11.9,3.54,0.6,6,"Normal"
0.67,0.15,11.3,3.42,0.67,6,"Normal"
0.56,0.09,11.3,3.54,0.6,5,"Normal"
0.35,0.33,11.9,3.36,0.6,6,"Normal"
0.56,0.09,11.3,3.54,0.6,5,"Normal"
0.715,0.1,11.9,3.57,0.5,5,"Normal"
0.46,0.29,9.8,3.33,0.62,5,"Normal"
0.32,0.44,11.6,3.29,0.8,7,"Bo"
0.39,0.44,11.5,3.3,0.84,6,"Normal"
0.31,0.41,11.4,3.34,0.85,6,"Normal"
0.61,0.11,10.9,3.55,0.66,6,"Normal"
0.66,0.33,12.8,3.27,0.78,6,"Normal"
0.725,0.2,9.2,3.29,0.54,5,"Normal"
0.55,0.15,11.6,3.32,0.82,6,"Normal"
0.74,0.09,11.6,3.67,0.56,6,"Normal"
0.51,0.13,11,3.42,0.75,6,"Normal"
0.62,0.08,9.5,3.42,0.82,6,"Normal"
0.6,0.08,10.5,3.45,0.58,5,"Normal"
0.55,0.1,11.2,3.52,0.76,6,"Normal"
0.51,0.13,11,3.42,0.75,6,"Normal"
0.645,0.12,10.2,3.57,0.71,5,"Normal"
0.31,0.47,11,3.39,0.66,6,"Normal"
